cohort	sample_id	ascatPurityScore	TMB_nonSyn	p_hrd	p_BRCA1	p_BRCA2	hr_status	hrd_type	Probability	Signature_3	Signature_8	LOH	TAI	LST	HRDsum	A	B	C	D	E	F	germline_classification	class_D_mutation	class_E_mutations	class_A_mutations	class_B_mutations	hr_status_combined	pathSV	updated_germline_classification	somatic_mutations	BRCA1	BRCA2	ATM	BARD1	BRIP1	CHEK2	PALB2	PTEN	RAD51C	RAD51D	TP53
Familial Breast	FBC070890	0.5	3.1	0.92	0.88	0.04	HR_deficient	BRCA1_type	0.9998386008021732	0.34596441149264473	0.2294399347571403	24	31	24	79	0	0	735	1	0	254	positive_brca1	c.5152+1G>T[18:15|7:30](BRCA1)	NA	NA	NA	HRD	NA	positive_brca1	NA	cnLOH:2	Gain:3	HighGain:8	Gain:4	cnLOH:2	Gain:3	Gain:4	NA:NA	cnLOH:2	cnLOH:2	cnLOH:2
Familial Breast	FBC060681	0.5	4.1666	0.884	0.112	0.772	HR_deficient	BRCA2_type	0.9930746908191996	0.3792497181680687	0.378757042297946	12	32	27	71	0	0	1004	0	1	66	additional_brca2	NA	c.7828G>A(BRCA2)	NA	NA	HRD	NA	additional_brca2	NA	HighGain:7	Gain:4	cnLOH:2	Gain:5	Gain:4	Gain:4	Gain:3	NA:NA	Gain:4	Gain:5	Gain:3
Familial Breast	FBC061126	0.25	2.3333	0.944	0.914	0.03	HR_deficient	BRCA1_type	0.9986474044816488	0.4922676613150467	0	20	31	17	68	0	0	1024	1	0	151	positive_brca1	c.70_80delTGTCCCATCTG[16:10|20:32](BRCA1)	NA	NA	NA	HRD	NA	positive_brca1	NA	cnLOH:2	cnLOH:2	cnLOH:2	cnLOH:2	Gain:5	HighGain:6	Gain:4	NA:NA	Gain:3	cnLOH:2	cnLOH:2
Familial Breast	FBC040626	0.39	4.3666	0.946	0.924	0.022	HR_deficient	BRCA1_type	0.999985886997492	0.4633629466176032	0.11298357689880976	15	28	27	70	0	1	896	0	0	149	exclude	NA	NA	NA	c.*5548_*5550delTTT(RAD51C)	HRD	NA	exclude	NA	Gain:4	Gain:3	HighGain:6	Gain:4	Gain:5	Gain:3	Gain:5	NA:NA	Gain:5	HighGain:8	Gain:4
Familial Breast	FBC070197	0.5	3.4	0.944	0.908	0.036	HR_deficient	BRCA1_type	0.9999074320515392	0.4863912471381795	0	18	23	26	67	0	2	892	0	0	309	exclude	NA	NA	NA	c.*5460G>A(TP53);c.-1622T>C(PALB2)	HRD	NA	exclude	NA	Del:1	Del:1	Gain:3	Del:1	Del:1	Gain:3	Het:2	NA:NA	Del:1	cnLOH:2	cnLOH:2
Familial Breast	FBC020636	0.37	1.1666	0	0	0	HR_proficient	none	0.01825267196606273	0.11621128906081846	0	8	24	10	42	1	0	779	0	0	285	exclude	NA	NA	c.349A>G[12:10|16:27](CHEK2)	NA	HRP	NA	exclude	NA	cnLOH:2	Gain:4	Gain:4	Gain:4	cnLOH:2	cnLOH:2	cnLOH:2	NA:NA	cnLOH:2	cnLOH:2	cnLOH:2
Familial Breast	FBC090235	0.48	1.7666	0.942	0.914	0.028	HR_deficient	BRCA1_type	0.9998692510714994	0.5871669886079856	0.08503622537075994	21	30	23	74	0	1	1042	1	0	151	positive_brca2	c.574_575delAT[28:24|51:55](BRCA2)	NA	NA	c.*6345G>A(RAD51C)	HRD	NA	positive_brca2	NA	cnLOH:2	Gain:4	Gain:3	Gain:3	Gain:5	Gain:4	Gain:3	NA:NA	Gain:5	cnLOH:2	cnLOH:2
Familial Breast	FBC061542	0.55	1.9666	0.992	0.01	0.982	HR_deficient	BRCA2_type	0.9979549383276664	0.30590830132226704	0.24561570013912207	13	21	22	56	0	2	769	1	1	137	positive_brca2	c.6405_6409delCTTAA[26:20|15:45](BRCA2)	c.-1892C>A(BRCA1)	NA	c.-349C>A(PTEN);c.-363G>T(BARD1)	HRD	NA	positive_brca2	NA	Het:2	Del:1	Del:1	Het:2	Gain:3	Del:1	Gain:3	NA:NA	Gain:3	Het:2	Del:1
Familial Breast	FBC061699	0.6	3.1666	0.946	0.91	0.036	HR_deficient	BRCA1_type	0.9999942252334204	0.5026016489757087	0.0792195131202797	32	28	28	88	0	2	989	1	0	71	positive_brca1	c.4327C>T[11:10|6:29](BRCA1)	NA	NA	c.*4305delA(RAD51C);c.-1954T>C(BRIP1)	HRD	NA	positive_brca1	NA	Del:1	Del:1	cnLOH:2	Del:1	Del:1	Het:2	cnLOH:2	NA:NA	Del:1	Del:1	Del:1
Familial Breast	FBC051334	0.66	5.4666	0.772	0.2	0.572	HR_deficient	BRCA2_type	0.9994881299320246	0.2439409488565435	0.1317332048293883	15	29	23	67	1	3	953	1	0	295	exclude	c.1842dupT[22:21|9:19](BRCA2)	NA	c.593-11_593-7delTTCTT[12:21|7:39](CHEK2)	c.-4890T>G(BARD1);c.-677C>A(CHEK2);c.-4294G>A(CHEK2)	HRD	NA	exclude	NA	Gain:4	Del:1	Del:1	Het:2	Gain:3	cnLOH:2	Gain:4	NA:NA	Gain:5	Gain:4	cnLOH:2
Familial Breast	FBC070107	0.77	1.0666	0.002	0	0.002	HR_proficient	none	0.01198581289190074	0.27077365441537515	0	9	10	5	24	0	0	997	0	0	346	negative_brca1/2	NA	NA	NA	NA	HRP	NA	negative_brca1/2	ATM.c.8166_8173delGAGACAAG.Frame_Shift_DEL	Het:2	cnLOH:2	Del:1	Het:2	Het:2	Het:2	Gain:3	NA:NA	Het:2	Het:2	Del:1
Familial Breast	FBC413175	0.57	1.4666	0.85	0.208	0.642	HR_deficient	BRCA2_type	0.993135980401778	0.35253402789905564	0.22909880806691785	16	18	26	60	1	0	927	1	0	112	exclude	c.8297delC[26:22|13:37](BRCA2)	NA	c.571+3125G>C[16:9|30:51](RAD51C)	NA	HRD	NA	exclude	NA	Del:1	Del:1	Del:1	Het:2	Gain:3	Het:2	Het:2	NA:NA	Gain:3	Het:2	Del:1
Familial Breast	FBC050024	0.68	1.0666	0	0	0	HR_proficient	none	1.0622161513956278e-4	0	0	3	5	1	9	0	0	948	0	0	80	negative_brca1/2	NA	NA	NA	NA	HRP	NA	negative_brca1/2	NA	Het:2	Het:2	Het:2	Het:2	Het:2	Del:1	Het:2	NA:NA	Het:2	Het:2	Het:2
Familial Breast	FBC080607	0.44	3.0666	0.884	0.852	0.032	HR_deficient	BRCA1_type	0.9999190406668936	0.3842202310293972	0	30	29	30	89	0	0	1062	1	0	65	positive_brca1	c.5503C>T[13:12|12:26](BRCA1)	NA	NA	NA	HRD	NA	positive_brca1	NA	Del:1	Het:2	Del:1	Del:1	Del:1	Het:2	Het:2	NA:NA	Del:1	Del:1	Del:1
Familial Breast	FBC020034	0.69	3.6333	0.966	0.916	0.05	HR_deficient	BRCA1_type	0.9999107724142012	0.5327002825346688	0.08711879616329868	21	32	35	88	1	0	917	1	0	326	exclude	c.4183C>T[26:27|14:78](BRCA1)	NA	c.164+2960delG[](PTEN)	NA	HRD	NA	exclude	NA	cnLOH:2	Del:1	Het:2	Het:2	Gain:4	Gain:5	Het:2	NA:NA	Gain:4	cnLOH:2	cnLOH:2
Familial Breast	FBC106117	0.41	1.1333	0	0	0	HR_proficient	none	4.337964966609174e-4	0	0.12149432985408222	5	6	9	20	0	0	1049	0	0	309	negative_brca1/2	NA	NA	NA	NA	HRP	NA	negative_brca1/2	NA	Gain:4	cnLOH:2	Gain:4	Gain:4	Gain:4	Gain:4	Gain:4	NA:NA	Gain:4	Gain:4	Gain:4
Familial Breast	FBC070295	0.49	1.2	0	0	0	HR_proficient	none	0.01080208153729783	0.16771337239128495	0	8	11	8	27	0	0	901	0	0	130	negative_brca1/2	NA	NA	NA	NA	HRP	NA	negative_brca1/2	NA	Del:1	Del:1	Het:2	Het:2	Het:2	Het:2	Het:2	NA:NA	Het:2	Del:1	Del:1
Familial Breast	FBC050528	0.55	2.2666	0	0	0	HR_proficient	none	0.01930638431941503	0.1135388915926774	0.10362326183764906	9	17	2	28	0	0	824	0	0	160	negative_brca1/2	NA	NA	NA	NA	HRP	NA	negative_brca1/2	NA	Gain:3	Gain:3	Gain:4	Gain:4	HighGain:65	Gain:4	Gain:4	NA:NA	HighGain:6	cnLOH:2	cnLOH:2
Familial Breast	FBC050001	0.33	4.4	0.91	0.148	0.762	HR_deficient	BRCA2_type	0.9996058876236132	0.3949603660055411	0.2306573864658159	15	33	33	81	0	1	915	1	0	89	positive_brca2	c.5141_5144delATTT[11:17|17:49](BRCA2)	NA	NA	c.-4889C>T(CHEK2)	HRD	NA	positive_brca2	NA	Gain:5	Gain:3	Gain:4	HighGain:7	HighGain:7	Gain:4	Gain:5	NA:NA	HighGain:8	Gain:5	Gain:3
Familial Breast	FBC070261	0.61	2.5	0.97	0.064	0.906	HR_deficient	BRCA2_type	0.9976675205032212	0.365163730798528	0.16285986065182878	13	18	31	62	0	1	746	1	0	294	positive_brca2	c.755_758delACAG[15:15|13:30](BRCA2)	NA	NA	c.*2264_*2267delTTTT(CHEK2)	HRD	NA	positive_brca2	NA	Het:2	Del:1	Del:1	Het:2	Gain:3	Het:2	Het:2	NA:NA	Gain:3	Het:2	Del:1
Familial Breast	FBC070425	0.7	0.7666	0	0	0	HR_proficient	none	0.0024449776819804	0.14416590411600835	0.10469405309321766	3	7	5	15	1	1	920	0	0	100	exclude	NA	NA	c.1100delC[18:18|8:50](CHEK2)	c.*5993C>A(RAD51C)	HRP	NA	exclude	NA	Del:1	Del:1	Del:1	Het:2	cnLOH:2	cnLOH:2	Het:2	NA:NA	cnLOH:2	Del:1	Del:1
Familial Breast	FBC060159	0.71	0.9	0.004	0.004	0	HR_proficient	none	3.5904647665425905e-4	0	0	3	3	4	10	0	1	911	0	0	238	exclude	NA	NA	NA	c.*4327G>T(BARD1)	HRP	NA	exclude	NA	Het:2	Del:1	cnLOH:2	Del:1	Het:2	Del:1	Het:2	NA:NA	Het:2	Het:2	Het:2
Familial Breast	FBC031273	0.3	0.6666	0	0	0	HR_proficient	none	7.439165146806884e-5	0	0	6	5	3	14	0	0	970	0	0	98	negative_brca1/2	NA	NA	NA	NA	HRP	NA	negative_brca1/2	NA	Gain:4	Gain:4	cnLOH:2	Gain:4	Gain:4	cnLOH:2	Gain:4	NA:NA	Gain:4	Gain:4	Gain:4
Familial Breast	FBC070169	0.53	8.3	0.004	0	0.004	HR_proficient	none	6.83445999781988e-5	0	0	2	4	2	8	0	0	934	0	0	153	negative_brca1/2	NA	NA	NA	NA	HRP	NA	negative_brca1/2	NA	Del:1	Het:2	Del:1	Het:2	Del:1	Het:2	Het:2	NA:NA	Del:1	Del:1	Del:1
Familial Breast	FBC406015	0.55	2.4333	0.952	0.904	0.048	HR_deficient	BRCA1_type	0.9995880138897688	0.5095297368109627	0	16	31	19	66	0	0	989	1	0	134	positive_brca1	c.5074+1G>T[26:27|9:28](BRCA1)	NA	NA	NA	HRD	NA	positive_brca1	NA	cnLOH:2	Del:0	Del:1	Gain:3	Del:1	Del:1	cnLOH:2	NA:NA	Del:1	cnLOH:2	cnLOH:2
Familial Breast	FBC060467	0.33	2.6	0.764	0.618	0.146	HR_deficient	BRCA1_type	0.9977671305817908	0.51341155024521	0	21	35	22	78	0	3	891	1	0	127	positive_brca1	c.3627dupA[13:15|24:40](BRCA1)	NA	NA	c.-3600C>A(PALB2);c.*11666G>T(RAD51D);c.*5601G>T(RAD51C)	HRD	NA	positive_brca1	NA	Del:1	cnLOH:2	Del:1	cnLOH:2	Del:1	Del:1	Del:1	NA:NA	Del:1	cnLOH:2	cnLOH:2
Familial Breast	FBC050642	0.69	3.3333	0.962	0.122	0.84	HR_deficient	BRCA2_type	0.9996888383310524	0.4350672785877137	0.25934607175594215	14	21	24	59	0	3	818	1	0	150	positive_brca2	c.6331_6332delAA[18:21|16:35](BRCA2)	NA	NA	c.*5443G>A(TP53);c.*11806C>T(RAD51D);c.*3420_*3421delTT(RAD51C)	HRD	NA	positive_brca2	NA	Del:1	Del:1	Del:1	Del:1	Gain:3	Het:2	Het:2	NA:NA	Gain:3	Het:2	Del:1
Familial Breast	FBC040197	0.7	0.6	0.026	0.024	0.002	HR_proficient	none	4.207425626476928e-4	0.11030234762148036	0	1	2	0	3	0	1	1204	0	0	303	exclude	NA	NA	NA	c.*1066T>A(PTEN)	HRP	NA	exclude	NA	Het:2	Het:2	Het:2	Het:2	Het:2	Del:1	Gain:3	NA:NA	Het:2	Het:2	Het:2
Familial Breast	FBC062060	0.69	1.5	0.002	0.002	0	HR_proficient	none	0.06707870090746111	0.21422807919812203	0	7	7	5	19	0	0	1020	0	0	346	negative_brca1/2	NA	NA	NA	NA	HRP	NA	negative_brca1/2	NA	Het:2	Het:2	Del:1	Het:2	Het:2	Del:1	Het:2	NA:NA	Het:2	Het:2	Het:2
Familial Breast	FBC020160	0.55	2.3333	0.95	0.042	0.908	HR_deficient	BRCA2_type	0.9950140057416323	0.2864395904041066	0.32505213271210937	11	12	21	44	0	1	886	1	0	285	positive_brca2	c.2808_2811delACAA[14:20|7:19](BRCA2)	NA	NA	c.*3420_*3421delTT(RAD51C)	HRD	NA	positive_brca2	NA	Gain:3	Del:1	Del:1	Het:2	Het:2	Het:2	Het:2	NA:NA	Gain:3	Het:2	Del:1
Familial Breast	FBC020031	0.58	3.4333	0.91	0.102	0.808	HR_deficient	BRCA2_type	0.997432999776772	0.3477476485807379	0.0771062054271876	17	20	23	60	1	0	885	0	0	144	exclude	NA	NA	c.3113G>A[19:19|8:22](PALB2)	NA	HRD	NA	exclude	NA	Gain:3	Del:1	Del:1	Del:1	Gain:3	Het:2	Del:1	NA:NA	Gain:3	Het:2	Del:1
Familial Breast	FBC070003	0.58	1.7	0.986	0.012	0.974	HR_deficient	BRCA2_type	0.9921418074724137	0.2590043370540482	0.23700152148830625	16	23	18	57	0	0	1030	1	0	328	positive_brca2	c.631G>C[16:12|13:44](BRCA2)	NA	NA	NA	HRD	NA	positive_brca2	NA	Gain:3	Del:1	Del:1	Het:2	Gain:3	Het:2	Het:2	NA:NA	Gain:3	Gain:3	Del:1
Familial Breast	FBC050798	0.63	1.9	0	0	0	HR_proficient	none	0.21037780944352255	0.10385130393593033	0.1264959666599424	11	17	8	36	0	0	910	0	1	300	additional_brca1	NA	c.-1888G>A(BRCA1)	NA	NA	HRP	NA	additional_brca1	NA	Gain:4	cnLOH:2	cnLOH:2	Gain:3	Gain:5	Het:2	Gain:5	NA:NA	HighGain:6	Gain:4	cnLOH:2
Familial Breast	FBC016006	0.38	1.4666	0	0	0	HR_proficient	none	0.01087917805222703	0	0	12	12	6	30	0	0	1016	1	0	122	positive_brca2	c.1310_1313delAAGA[25:20|43:43](BRCA2)	NA	NA	NA	HRP	NA	positive_brca2	NA	Het:2	Het:2	Del:1	Het:2	Het:2	Del:1	Het:2	NA:NA	Het:2	Het:2	Del:1
Familial Breast	FBC016026	0.63	1.9333	0.928	0.754	0.174	HR_deficient	BRCA1_type	0.9999346653689511	0.4538223992673073	0.28583719833437177	21	31	34	86	0	0	903	1	0	309	positive_brca1	c.679_680dupGA[15:22|6:47](BRCA1)	NA	NA	NA	HRD	NA	positive_brca1	NA	cnLOH:2	Gain:3	Gain:3	cnLOH:2	Gain:3	Gain:4	Gain:3	NA:NA	Gain:3	cnLOH:2	Gain:3
Familial Breast	FBC030130	0.41	4.6	0.944	0.906	0.038	HR_deficient	BRCA1_type	0.9999908963429944	0.5940135801628742	0.1180366512937755	30	36	40	106	0	1	901	1	0	289	positive_brca1	c.5513T>A[15:16|12:30](BRCA1)	NA	NA	c.*10319_*10322delCTTG(RAD51D)	HRD	NA	positive_brca1	NA	Gain:3	Gain:3	cnLOH:2	Gain:3	Gain:4	Gain:3	Gain:3	NA:NA	Gain:4	Gain:3	cnLOH:2
Familial Breast	FBC016050	0.49	5.5333	0.788	0.05	0.738	HR_deficient	BRCA2_type	0.9957189810960844	0.1527283506786537	0.2209572902467113	6	25	24	55	0	0	928	1	0	250	positive_brca2	c.6405_6409delCTTAA[17:22|14:56](BRCA2)	NA	NA	NA	HRD	NA	positive_brca2	NA	Gain:4	cnLOH:2	Het:2	Gain:4	Gain:4	Gain:4	HighGain:7	NA:NA	Gain:4	Gain:4	cnLOH:2
Familial Breast	FBC050558	0.53	1.3	0	0	0	HR_proficient	none	0.01424131465373275	0.15384191084185397	0.09438750448496684	3	18	16	37	0	1	670	0	0	142	exclude	NA	NA	NA	c.*2910_*2911insTTT(RAD51C)	HRP	NA	exclude	NA	Gain:4	Gain:3	Gain:3	Gain:4	HighGain:12	Gain:4	Gain:4	NA:NA	HighGain:11	Gain:4	cnLOH:2
Familial Breast	FBC100739	0.41	4.0333	0.926	0.904	0.022	HR_deficient	BRCA1_type	0.9986601881875128	0.4336761935332222	0.09533200307523246	12	31	33	76	0	0	854	1	1	290	additional_brca1	NA	c.*1166C>G(BRCA1)	NA	NA	HRD	D_DEL00376994_DEL_19262__BRCA1	positive_brca1	BRCA1.c.303T>A.Nonsense_Mutation	HighGain:8	Gain:4	Gain:4	HighGain:6	HighGain:11	HighGain:6	Gain:5	NA:NA	HighGain:11	HighGain:6	Gain:3
Familial Breast	FBC510118	0.59	4	0.978	0.526	0.452	HR_deficient	BRCA1_type	0.999922698324998	0.39144160875168166	0.2092937729769332	13	25	29	67	0	0	987	1	0	143	positive_brca2	c.5909C>A[22:14|18:34](BRCA2)	NA	NA	NA	HRD	NA	positive_brca2	NA	Del:1	Del:1	Gain:4	Het:2	Gain:4	cnLOH:2	Del:1	NA:NA	Gain:4	Gain:5	cnLOH:2
Familial Breast	FBC030010	0.57	2.4333	0.986	0.034	0.952	HR_deficient	BRCA2_type	0.9985467626989474	0.3689468139671388	0.23413600720663005	17	24	29	70	0	1	968	1	0	130	exclude	NA	NA	NA	c.*5730_*5733delCACA(ATM)	HRD	D_DEL00305108_DEL_10496_BRCA2_BRCA2	positive_brca2	NA	Het:2	Del:1	Del:1	Het:2	Gain:3	Del:1	Het:2	NA:NA	Gain:3	Het:2	Del:1
Familial Breast	FBC070205	0.75	5.7666	0.7959999999999999	0.72	0.076	HR_deficient	BRCA1_type	0.9996481932438002	0.09982617309231293	0.07260827201455075	21	21	22	64	0	0	712	1	0	348	positive_brca1	c.5181_5182delAA[12:14|4:72](BRCA1)	NA	NA	NA	HRD	NA	positive_brca1	NA	Gain:3	Het:2	Del:1	Het:2	Gain:3	Het:2	Het:2	NA:NA	Gain:3	cnLOH:2	Del:1
Familial Breast	FBC208006	0.65	2.5	0.942	0.892	0.05	HR_deficient	BRCA1_type	0.999942155775112	0.48617111392892703	0.18174912567866436	32	34	20	86	0	0	1058	0	0	348	negative_brca1/2	NA	NA	NA	NA	HRD	NA	negative_brca1/2	NA	cnLOH:2	Gain:4	cnLOH:2	Gain:3	Gain:5	HighGain:6	Gain:3	NA:NA	Gain:5	cnLOH:2	cnLOH:2
Familial Breast	FBC090326	0.46	3.1	0.942	0.912	0.03	HR_deficient	BRCA1_type	0.9999480893729314	0.4105089959559795	0.07652009432630218	28	34	29	91	0	2	965	0	0	302	exclude	NA	NA	NA	c.*7538G>T(PTEN);c.*5511C>A(BRIP1)	HRD	NA	exclude	NA	Del:0	Gain:4	cnLOH:2	Gain:4	Gain:5	Gain:4	cnLOH:2	NA:NA	Gain:5	cnLOH:2	cnLOH:2
Familial Breast	FBC090590	0.7	1.1	0	0	0	HR_proficient	none	0.00217727776358884	0.12062651366908383	0	4	3	7	14	0	1	638	0	0	138	exclude	NA	NA	NA	c.*4216_*4229dupTTTTTTTTTTTTTT(TP53)	HRP	NA	exclude	NA	Het:2	Het:2	Del:1	Het:2	Het:2	Het:2	Het:2	NA:NA	Het:2	Het:2	Het:2
Familial Breast	FBC050018	0.51	1.3666	0.878	0.018	0.86	HR_deficient	BRCA2_type	0.9889227100967496	0.4610076423717177	0.14632845809972325	12	11	24	47	0	0	953	2	0	301	negative_brca1/2	NA	NA	NA	NA	HRD	D_DEL00305118_DEL_7958_BRCA2_BRCA2,D_DEL00305119_DEL_3577_BRCA2_BRCA2	positive_brca2	NA	Het:2	Del:1	Del:1	Del:1	Het:2	Het:2	Het:2	NA:NA	Het:2	Het:2	Del:1
Familial Breast	FBC060031	0.85	2.8	0.94	0.922	0.018	HR_deficient	BRCA1_type	0.9999523682761516	0.4789216177649049	0.11747493700435568	19	34	21	74	0	1	1000	1	1	269	positive_brca1	c.5266dupC[30:14|2:81](BRCA1)	c.-1615_-1592delAGCCCCAGTTCCCACACCCGCCTC(BRCA1)	NA	c.*4213_*4229dupTTTTTTTTTTTTTTTTT(TP53)	HRD	NA	positive_brca1	NA	Gain:4	Gain:4	cnLOH:2	Gain:4	Gain:4	HighGain:6	Gain:4	NA:NA	Gain:4	Gain:4	Gain:4
Familial Breast	FBC712007	0.77	4.9333	0.978	0.894	0.084	HR_deficient	BRCA1_type	0.9999876743897772	0.5863941192759775	0.21965221306513769	20	35	35	90	0	1	934	1	0	145	positive_brca1	c.181T>G[26:24|4:53](BRCA1)	NA	NA	c.*4217_*4229dupTTTTTTTTTTTTT(TP53)	HRD	NA	positive_brca1	NA	cnLOH:2	Gain:3	cnLOH:2	Het:2	Gain:4	cnLOH:2	Gain:4	NA:NA	Gain:3	Gain:3	Gain:3
Familial Breast	FBC050467	0.65	2.1333	0.938	0.886	0.052	HR_deficient	BRCA1_type	0.9990127359700628	0.316253345255174	0.1961773600584381	38	26	12	76	0	1	966	0	0	140	exclude	NA	NA	NA	c.-3384_-3381delTTTT(BARD1)	HRD	NA	exclude	NA	cnLOH:2	Gain:5	Gain:3	Gain:4	HighGain:6	Gain:5	cnLOH:2	NA:NA	Gain:4	cnLOH:2	cnLOH:2
Familial Breast	FBC070474	0.67	1.6	0	0	0	HR_proficient	none	0.01572571968823793	0.13097494950916472	0	12	11	14	37	0	2	900	0	0	292	exclude	NA	NA	NA	c.*5166_*5176delTGATAGATAGA(TP53);c.*3270T>G(RAD51C)	HRP	NA	exclude	NA	Del:1	Het:2	Het:2	Het:2	Del:1	cnLOH:2	Het:2	NA:NA	Del:1	Del:1	Del:1
Familial Breast	FBC060450	0.75	1.0333	0	0	0	HR_proficient	none	3.4973212083284265e-4	0	0	9	10	8	27	0	1	976	0	0	122	exclude	NA	NA	NA	c.*3420_*3421delTT(RAD51C)	HRP	NA	exclude	NA	Gain:4	Del:1	Del:1	Het:2	Gain:4	Het:2	Het:2	NA:NA	Gain:4	Gain:3	Del:1
Familial Breast	FBC060776	0.58	2.5333	0.992	0.034	0.958	HR_deficient	BRCA2_type	0.9989634004162206	0.36767976615834	0.3061281938698745	11	23	18	52	0	0	902	1	0	296	positive_brca2	c.5796_5797delTA[18:18|10:47](BRCA2)	NA	NA	NA	HRD	NA	positive_brca2	NA	HighGain:8	cnLOH:2	cnLOH:2	Gain:4	HighGain:10	Gain:4	Gain:4	NA:NA	HighGain:10	HighGain:8	Gain:4
Familial Breast	FBC060411	0.6	1.2333	0	0	0	HR_proficient	none	6.61735376371231e-4	0	0.25185663954255383	8	22	14	44	1	0	1014	0	0	78	exclude	NA	NA	c.4909+1G>A[19:20|12:33](ATM)	NA	HRP	NA	exclude	NA	Gain:3	cnLOH:2	cnLOH:2	Gain:3	Gain:5	Gain:3	Gain:4	NA:NA	Gain:5	Gain:3	cnLOH:2
Familial Breast	FBC060743	0.69	0.9666	0	0	0	HR_proficient	none	3.373958574445175e-4	0	0	4	8	1	13	0	1	990	0	0	311	exclude	NA	NA	NA	c.*13151T>C(RAD51D)	HRP	NA	exclude	NA	Het:2	Het:2	Del:1	Het:2	Het:2	Del:1	Gain:4	NA:NA	Het:2	Het:2	Het:2
Familial Breast	FBC070266	0.53	1.4333	0.926	0.016	0.91	HR_deficient	BRCA2_type	0.9792505771339096	0.36841798843535206	0.13519248228526765	8	21	13	42	0	0	878	1	0	325	positive_brca2	c.755_758delACAG[7:9|7:37](BRCA2)	NA	NA	NA	HRD	NA	positive_brca2	ATM.c.3884T>G.Missense_Mutation	Gain:4	cnLOH:2	cnLOH:2	Gain:4	HighGain:8	Gain:4	Gain:4	NA:NA	HighGain:8	Gain:4	cnLOH:2
Familial Breast	FBC050003	0.69	1.4666	0	0	0	HR_proficient	none	0.01952913212974345	0.13226015641304856	0.14017848962723709	13	11	11	35	0	0	837	0	0	315	negative_brca1/2	NA	NA	NA	NA	HRP	NA	negative_brca1/2	NA	Gain:3	Het:2	Het:2	Het:2	Gain:3	Het:2	Het:2	NA:NA	Gain:3	Het:2	Del:1
Familial Breast	FBC013587	0.69	2.4666	0.882	0.096	0.786	HR_deficient	BRCA2_type	0.9974698013626344	0.39982934961544214	0.12749488436534365	11	14	15	40	0	0	992	1	1	335	positive_brca2	c.2808_2811delACAA[14:16|12:28](BRCA2)	c.*1874G>T(BRCA1)	NA	NA	HRD	NA	positive_brca2	NA	Het:2	Del:1	Del:1	Het:2	Het:2	Gain:3	Het:2	NA:NA	Het:2	Del:1	Del:1
Familial Breast	FBC020444	0.49	1.5666	0.934	0.012	0.922	HR_deficient	BRCA2_type	0.9910972732997504	0.22447764577627055	0.23328357521940543	11	17	17	45	0	0	993	1	0	321	positive_brca2	c.250C>T[18:19|20:36](BRCA2)	NA	NA	NA	HRD	NA	positive_brca2	NA	Gain:4	Del:1	Del:1	Het:2	HighGain:6	Het:2	Het:2	NA:NA	HighGain:6	Het:2	Del:1
Familial Breast	FBC112021	0.42	2.2333	0.938	0.886	0.052	HR_deficient	BRCA1_type	0.9998775156164758	0.5325076617912665	0	18	32	30	80	0	0	1051	1	0	156	positive_brca1	c.4523G>A[19:13|16:44](BRCA1)	NA	NA	NA	HRD	NA	positive_brca1	NA	Gain:4	Gain:3	cnLOH:2	Gain:3	Gain:4	Gain:3	Gain:4	NA:NA	Gain:4	Gain:4	Gain:4
Familial Breast	FBC020030	0.62	5.4666	0.928	0.89	0.038	HR_deficient	BRCA1_type	0.9999696842986152	0.48344894223909296	0.19753833757331815	20	35	32	87	0	3	885	1	0	278	exclude	NA	NA	NA	c.-1111G>T(TP53);c.-4751G>A(BARD1);c.*11350C>A(RAD51D)	HRD	D_DEL00377012_DEL_1405_BRCA1_BRCA1	positive_brca1	NA	Gain:3	Gain:3	cnLOH:2	Gain:3	Gain:4	Gain:4	cnLOH:2	NA:NA	Gain:4	cnLOH:2	Gain:3
Familial Breast	FBC020675	0.69	2.3333	0.938	0.906	0.032	HR_deficient	BRCA1_type	0.99838413901044	0.491743365164542	0.0990390510396698	24	28	20	72	0	0	965	1	0	255	positive_brca1	c.5212G>A[16:19|9:30](BRCA1)	NA	NA	NA	HRD	NA	positive_brca1	NA	Del:1	Het:2	Del:1	Het:2	Del:1	Del:1	Del:1	NA:NA	Del:1	Del:1	Del:1
Familial Breast	FBC020091	0.42	2.9	0.8859999999999999	0.82	0.066	HR_deficient	BRCA1_type	0.9998928734032312	0.4549068133593109	0	29	29	20	78	0	1	859	1	1	117	positive_brca1	c.5503C>T[15:15|18:24](BRCA1)	c.-4482G>A(BRCA2)	NA	c.-1428T>C(BARD1)	HRD	NA	positive_brca1	NA	Del:1	Del:1	Het:2	Del:1	Del:1	Het:2	Del:1	NA:NA	Del:1	Del:1	Del:1
Familial Breast	FBC020021	0.42	1.8	0.89	0.812	0.078	HR_deficient	BRCA1_type	0.9994284444113194	0.5196328472315976	0.10785902211044428	21	30	25	76	0	0	954	0	1	272	additional_brca2	NA	c.*6048T>A(BRCA2)	NA	NA	HRD	NA	additional_brca2	NA	Gain:4	cnLOH:2	Gain:5	Gain:4	Gain:4	Gain:4	Gain:3	NA:NA	Gain:4	Gain:4	Gain:4
Familial Breast	FBC060116	0.62	3.8333	0.978	0.906	0.072	HR_deficient	BRCA1_type	0.9999788138947472	0.3749170483932956	0.2779110635818113	21	31	30	82	0	0	855	0	0	129	negative_brca1/2	NA	NA	NA	NA	HRD	NA	negative_brca1/2	NA	Gain:4	Gain:5	Gain:3	Gain:4	Gain:5	Gain:3	Gain:3	NA:NA	Gain:4	Gain:4	cnLOH:2
Familial Breast	FBC070086	0.47	1.0666	0	0	0	HR_proficient	none	0.01732960675019783	0.16502572664080764	0	18	21	5	44	0	0	797	0	0	272	negative_brca1/2	NA	NA	NA	NA	HRP	NA	negative_brca1/2	NA	Gain:3	Gain:5	Gain:3	cnLOH:2	Gain:3	HighGain:12	Gain:3	NA:NA	Gain:3	Del:1	Gain:3
Familial Breast	FBC212009	0.77	6.4	0.85	0.016	0.834	HR_deficient	BRCA2_type	0.9988031609894626	0.17418233713587664	0.34137028823637744	14	21	24	59	0	0	1047	1	0	293	positive_brca2	c.538_539dupAT[20:18|6:85](BRCA2)	NA	NA	NA	HRD	NA	positive_brca2	NA	Gain:4	Gain:4	cnLOH:2	Gain:4	HighGain:6	Gain:4	Gain:4	NA:NA	HighGain:6	Gain:4	cnLOH:2
Familial Breast	FBC110004	0.46	1.7	0.884	0.838	0.046	HR_deficient	BRCA1_type	0.9983034080983966	0.495912373600848	0	17	25	21	63	0	1	1067	1	0	311	positive_brca1	c.1961delA[9:17|17:40](BRCA1)	NA	NA	c.*1620delA(PALB2)	HRD	NA	positive_brca1	NA	cnLOH:2	Del:1	Del:1	Het:2	cnLOH:2	Het:2	Het:2	NA:NA	cnLOH:2	Del:1	Del:1
Familial Breast	FBC050979	0.71	0.7333	0	0	0	HR_proficient	none	4.187185677426533e-5	0	0	2	9	0	11	0	0	950	0	0	267	negative_brca1/2	NA	NA	NA	NA	HRP	NA	negative_brca1/2	NA	Het:2	Het:2	Het:2	Het:2	Het:2	Het:2	Het:2	NA:NA	Het:2	Het:2	Het:2
Familial Breast	FBC060097	0.38	4.1	0.976	0.956	0.02	HR_deficient	BRCA1_type	0.999508777693346	0.37283024677345195	0.26752656799212027	17	30	19	66	0	0	1010	1	0	118	negative_brca1/2	NA	NA	NA	NA	HRD	D_DEL00377016_DEL_9667_BRCA1_BRCA1	positive_brca1	CHEK2.c.1400A>T.Missense_Mutation	Del:1	Gain:3	Gain:4	Gain:3	Gain:3	cnLOH:2	Gain:3	NA:NA	Het:2	Gain:3	Del:1
Familial Breast	FBC108061	0.38	2.4	0.864	0.788	0.076	HR_deficient	BRCA1_type	0.9999858864141812	0.4485173526163413	0	25	23	18	66	0	2	828	1	0	259	positive_brca1	c.5194-12G>A[19:19|28:32](BRCA1)	NA	NA	c.-1273T>C(PALB2);c.*3420_*3423delTTTT(RAD51C)	HRD	NA	positive_brca1	NA	Del:1	Het:2	Del:1	cnLOH:2	Del:1	Del:1	Het:2	NA:NA	Del:1	Del:1	Del:1
Familial Breast	FBC106021	0.37	2.8	1	0	1	HR_deficient	BRCA2_type	0.9985508249922675	0.42690508952109946	0.2543010721256448	22	28	23	73	0	0	1039	1	1	139	positive_brca2	c.631+2T>G[17:15|23:43](BRCA2)	c.8588_8590dupAAG(BRCA2)	NA	NA	HRD	NA	positive_brca2	NA	Gain:4	cnLOH:2	Gain:4	cnLOH:2	HighGain:6	Gain:4	Gain:4	NA:NA	HighGain:6	Gain:4	Gain:4
Familial Breast	FBC070021	0.4	2.4	0.99	0.002	0.988	HR_deficient	BRCA2_type	0.9950249419506768	0.29257057791367364	0.2142203367396883	10	14	28	52	0	0	1013	1	0	276	positive_brca2	c.6275_6276delTT[15:15|17:41](BRCA2)	NA	NA	NA	HRD	NA	positive_brca2	NA	Gain:3	cnLOH:2	Gain:3	cnLOH:2	Gain:3	Het:2	Gain:4	NA:NA	Gain:3	Gain:3	cnLOH:2
Familial Breast	FBC020187	0.46	4.5666	0.898	0.622	0.276	HR_deficient	BRCA1_type	0.9999092919359542	0.5461550469862966	0.13873653884896586	19	30	29	78	0	1	992	1	0	158	positive_brca1	c.3756_3759delGTCT[14:24|14:41](BRCA1)	NA	NA	c.-4568C>G(BARD1)	HRD	NA	positive_brca1	NA	cnLOH:2	cnLOH:2	Gain:4	Gain:3	Gain:4	Gain:3	HighGain:7	NA:NA	cnLOH:2	cnLOH:2	Gain:5
Familial Breast	FBC050727	0.76	0.8666	0	0	0	HR_proficient	none	0.00256063244868139	0.11918164318648856	0	4	2	1	7	0	0	721	0	0	259	negative_brca1/2	NA	NA	NA	NA	HRP	NA	negative_brca1/2	NA	Het:2	Het:2	Het:2	Het:2	Het:2	Het:2	Het:2	NA:NA	Het:2	Het:2	Het:2
Familial Breast	FBC110062	0.44	2.2666	0.926	0.884	0.042	HR_deficient	BRCA1_type	0.9964633277077186	0.4397148421410977	0.10262122036917556	13	19	18	50	0	1	1079	1	0	273	positive_brca1	c.2641G>T[13:13|16:35](BRCA1)	NA	NA	c.*1970C>A(CHEK2)	HRD	NA	positive_brca1	NA	Del:1	Del:1	Del:1	Het:2	Del:1	Het:2	Het:2	NA:NA	Del:1	Del:1	Del:1
Familial Breast	FBC051074	0.63	1.0333	0.984	0.004	0.98	HR_deficient	BRCA2_type	0.9911728554905924	0.34536040449769306	0.17402241686304204	14	22	23	59	0	0	1098	1	0	317	positive_brca2	c.7934delG[17:20|9:43](BRCA2)	NA	NA	NA	HRD	NA	positive_brca2	NA	Gain:4	cnLOH:2	Gain:3	Gain:4	HighGain:6	Gain:3	Gain:4	NA:NA	HighGain:6	Gain:4	cnLOH:2
Familial Breast	FBC071015	0.88	1.8	0.95	0.898	0.052	HR_deficient	BRCA1_type	0.9932234916399492	0.23220995804234865	0.2394300110016916	10	14	19	43	1	0	966	1	0	135	exclude	c.2679_2682delGAAA[25:17|3:65](BRCA1)	NA	c.-3561C>G[16:8|25:3](CHEK2)	NA	HRD	NA	exclude	NA	cnLOH:2	Del:1	Del:1	Het:2	Gain:5	Del:1	Het:2	NA:NA	Gain:4	cnLOH:2	Het:2
TCGA-BRCA	TCGA-B6-A0IQ	0.58	1.0666	0.6739999999999999	0.282	0.392	HR_deficient	BRCA2_type	0.8544268390417644	0.37839319239889946	0	14	24	28	66	0	0	943	0	0	66	negative_brca1/2	NA	NA	NA	NA	HRD	NA	negative_brca1/2	NA	cnLOH:2	Del:1	Het:2	Gain:3	cnLOH:2	cnLOH:2	Gain:3	NA:NA	cnLOH:2	cnLOH:2	cnLOH:2
TCGA-BRCA	TCGA-AN-A0AT	0.49	4.0333	0.94	0.922	0.018	HR_deficient	BRCA1_type	0.999961019114151	0.493847074797678	0.17753674539518308	23	31	24	78	0	1	1000	0	0	290	exclude	NA	NA	NA	c.-4394G>A(TP53)	HRD	NA	exclude	BRCA2.c.7948G>C.Missense_Mutation	Gain:3	Gain:4	cnLOH:2	Gain:4	Gain:4	Gain:4	cnLOH:2	NA:NA	Gain:4	cnLOH:2	cnLOH:2
TCGA-BRCA	TCGA-A2-A0D1	0.78	1.2333	0	0	0	HR_proficient	none	6.481520615611986e-4	0	0	12	13	7	32	0	1	875	0	1	134	additional_brca1	NA	c.*4568C>G(BRCA1)	NA	c.*7000G>A(BARD1)	HRP	NA	additional_brca1	NA	cnLOH:2	cnLOH:2	Gain:4	Gain:4	cnLOH:2	Gain:4	Gain:4	NA:NA	HighGain:7	cnLOH:2	cnLOH:2
TCGA-BRCA	TCGA-B6-A0RE	0.56	NA	0.012	0.004	0.008	HR_proficient	none	0.5661099171223027	0.2826622210801486	0.11851657379984969	13	29	18	60	1	0	823	0	0	276	exclude	NA	NA	c.746G>A[11:12|3:15](RAD51C)	NA	HRP	NA	exclude	NA	Gain:3	cnLOH:2	Gain:4	Gain:4	HighGain:6	Gain:4	Gain:3	NA:NA	Gain:3	Gain:3	Gain:3
TCGA-BRCA	TCGA-E2-A15E	0.65	1.1666	0	0	0	HR_proficient	none	0.01726328102553202	0.11850214235035347	0.0958887015547858	11	21	7	39	0	0	963	0	0	126	negative_brca1/2	NA	NA	NA	NA	HRP	NA	negative_brca1/2	NA	Gain:3	Gain:4	Gain:3	cnLOH:2	Gain:3	cnLOH:2	Gain:4	NA:NA	Gain:3	Gain:3	cnLOH:2
TCGA-BRCA	TCGA-BH-A0DG	0.43	1.0333	0	0	0	HR_proficient	none	0.0015558147312859	0.12619771376007555	0	4	9	8	21	0	0	1045	0	0	213	negative_brca1/2	NA	NA	NA	NA	HRP	NA	negative_brca1/2	NA	Del:1	Het:2	Del:1	Het:2	Del:1	Het:2	Het:2	NA:NA	HighGain:10	Het:2	Het:2
TCGA-BRCA	TCGA-D8-A27H	0.62	4.1666	0.89	0.842	0.048	HR_deficient	BRCA1_type	0.999861781367498	0.4489573482676781	0.10213017883897756	19	28	28	75	0	0	756	0	1	311	additional_brca1	NA	c.-1044C>T(BRCA1)	NA	NA	HRD	NA	additional_brca1	NA	cnLOH:2	Gain:4	HighGain:6	HighGain:8	HighGain:6	Gain:4	Gain:4	NA:NA	HighGain:6	cnLOH:2	cnLOH:2
TCGA-BRCA	TCGA-AO-A03L	0.47	0.7666	0	0	0	HR_proficient	none	0.01611267288775261	0.1157494165117922	0	15	25	9	49	0	0	967	0	0	288	negative_brca1/2	NA	NA	NA	NA	HRP	NA	negative_brca1/2	NA	cnLOH:2	cnLOH:2	cnLOH:2	Gain:3	Gain:5	cnLOH:2	Gain:4	NA:NA	Gain:4	cnLOH:2	cnLOH:2
TCGA-BRCA	TCGA-D8-A27F	0.66	2.2666	0.97	0.854	0.116	HR_deficient	BRCA1_type	0.9998176871242356	0.40247161580293234	0.230521065171721	30	27	26	83	0	1	733	0	1	322	additional_brca1	NA	c.*695A>G(BRCA1)	NA	c.-2019T>C(CHEK2)	HRD	NA	additional_brca1	NA	cnLOH:2	cnLOH:2	Gain:4	cnLOH:2	cnLOH:2	HighGain:6	Gain:4	NA:NA	cnLOH:2	cnLOH:2	Gain:4
TCGA-BRCA	TCGA-A8-A09I	0.6	3.7333	0	0	0	HR_proficient	none	0.01858473128461269	0	0.1073515877069444	8	22	11	41	1	0	805	0	0	115	exclude	NA	NA	c.1141-496A>C[14:15|23:28](BRIP1)	NA	HRP	NA	exclude	RAD51C.c.1078G>C.Missense_Mutation	cnLOH:2	Gain:3	cnLOH:2	Gain:4	Gain:5	Gain:4	Gain:4	NA:NA	HighGain:18	HighGain:9	cnLOH:2
TCGA-BRCA	TCGA-A2-A3Y0	0.55	4.9666	0.94	0.058	0.882	HR_deficient	BRCA2_type	0.9991011847782252	0.5156908723669789	0.097397054234029	14	29	35	78	0	0	998	0	0	312	negative_brca1/2	NA	NA	NA	NA	HRD	NA	negative_brca1/2	NA	Del:1	Del:1	cnLOH:2	Het:2	cnLOH:2	Del:1	Het:2	NA:NA	cnLOH:2	Del:1	Del:1
TCGA-BRCA	TCGA-E2-A15K	0.7	2.5	0	0	0	HR_proficient	none	8.40693352821613e-5	0	0	2	6	4	12	0	2	766	0	0	278	exclude	NA	NA	NA	c.*3169A>G(RAD51C);c.*3196A>G(RAD51C)	HRP	NA	exclude	NA	Het:2	Het:2	Del:1	Het:2	Het:2	Het:2	Gain:4	NA:NA	Het:2	Het:2	Het:2
TCGA-BRCA	TCGA-BH-A0B3	0.48	0.9666	0.296	0.296	0	HR_proficient	none	0.944121685497663	0.24320883881390704	0	29	30	19	78	1	1	804	0	0	142	exclude	NA	NA	c.2466+4A>C[26:15|24:36](ATM)	c.*1340A>G(PALB2)	Inconsistent	NA	exclude	NA	cnLOH:2	cnLOH:2	Het:2	Del:1	cnLOH:2	Het:2	Gain:3	NA:NA	cnLOH:2	cnLOH:2	cnLOH:2
TCGA-BRCA	TCGA-AR-A2LK	0.77	1.3	0	0	0	HR_proficient	none	1.0321369933953689e-4	0	0.09707489179183966	5	6	0	11	0	0	861	0	0	257	negative_brca1/2	NA	NA	NA	NA	HRP	NA	negative_brca1/2	NA	Gain:4	Het:2	cnLOH:2	cnLOH:2	Gain:4	Het:2	Gain:5	NA:NA	Gain:4	Gain:4	Gain:3
TCGA-BRCA	TCGA-E2-A1LK	0.73	1.3333	0	0	0	HR_proficient	none	0.00158506439864392	0	0	9	21	13	43	0	0	1007	0	0	204	negative_brca1/2	NA	NA	NA	NA	HRP	NA	negative_brca1/2	NA	Gain:5	cnLOH:2	HighGain:6	Het:2	Gain:5	Gain:3	Gain:4	NA:NA	Gain:5	Gain:5	Gain:4
TCGA-BRCA	TCGA-BH-A0EA	0.53	0.8	0	0	0	HR_proficient	none	3.900320978835147e-5	0	0	1	3	1	5	0	0	918	0	0	120	negative_brca1/2	NA	NA	NA	NA	HRP	NA	negative_brca1/2	NA	Het:2	Het:2	Het:2	Het:2	Het:2	Het:2	Gain:3	NA:NA	Het:2	Het:2	Het:2
TCGA-BRCA	TCGA-BH-A0E0	0.57	0.8333	0	0	0	HR_proficient	none	0.01966671078907474	0.22631956356380525	0.11121008668337502	13	20	10	43	0	1	748	0	0	289	exclude	NA	NA	NA	c.*8431C>T(BRIP1)	HRP	NA	exclude	NA	cnLOH:2	cnLOH:2	Gain:5	cnLOH:2	cnLOH:2	cnLOH:2	cnLOH:2	NA:NA	cnLOH:2	cnLOH:2	cnLOH:2
TCGA-BRCA	TCGA-A8-A08S	0.86	1.3666	0	0	0	HR_proficient	none	3.9471775851069555e-4	0	0	5	11	2	18	0	1	760	0	0	293	exclude	NA	NA	NA	c.*2497G>A(CHEK2)	HRP	NA	exclude	NA	cnLOH:2	Het:2	Del:1	Het:2	cnLOH:2	Het:2	Gain:3	NA:NA	cnLOH:2	cnLOH:2	Del:1
TCGA-BRCA	TCGA-A8-A09X	0.38	1.6333	0	0	0	HR_proficient	none	8.658875791821066e-5	0	0	3	21	10	34	0	0	658	0	0	159	negative_brca1/2	NA	NA	NA	NA	HRP	NA	negative_brca1/2	NA	cnLOH:2	Het:2	Gain:3	Gain:3	Gain:4	Gain:3	Gain:4	NA:NA	Gain:4	cnLOH:2	cnLOH:2
TCGA-BRCA	TCGA-E2-A1LL	0.45	1.7666	0	0	0	HR_proficient	none	0.47243066153191793	0.10938868195003684	0.2681667505194115	14	21	18	53	0	0	900	0	1	228	additional_brca2	NA	c.*6372C>G(BRCA2)	NA	NA	HRP	NA	additional_brca2	NA	cnLOH:2	cnLOH:2	Het:2	Gain:3	cnLOH:2	Gain:4	Gain:4	NA:NA	cnLOH:2	cnLOH:2	cnLOH:2
TCGA-BRCA	TCGA-B6-A0IJ	0.43	3.8333	0.768	0.238	0.53	HR_deficient	BRCA2_type	0.9553878007240748	0.4114573057841907	0.1349183002565943	23	33	15	71	0	1	892	0	0	263	exclude	NA	NA	NA	c.*5520_*5531delTTTTTCTTTTTC(RAD51C)	HRD	NA	exclude	NA	cnLOH:2	Gain:4	cnLOH:2	Gain:4	cnLOH:2	Gain:4	Het:2	NA:NA	cnLOH:2	Del:1	cnLOH:2
TCGA-BRCA	TCGA-A2-A3KC	0.34	1.0666	0	0	0	HR_proficient	none	1.8925280736365905e-4	0	0.11168655926491856	3	5	3	11	0	1	1054	0	0	152	exclude	NA	NA	NA	c.-3404_-3403delGT(BARD1)	HRP	NA	exclude	NA	Gain:4	Gain:4	cnLOH:2	Gain:4	Gain:4	Gain:4	Gain:4	NA:NA	Gain:4	Gain:4	Gain:4
TCGA-BRCA	TCGA-A2-A0D0	0.65	1.7666	0.806	0.468	0.338	HR_deficient	BRCA1_type	0.9987373560612508	0.5734872340805266	0	19	29	26	74	1	0	751	0	0	215	exclude	NA	NA	c.263+2T>G[-1:-1|-1:-1](RAD51D)	NA	HRD	NA	exclude	NA	cnLOH:2	Het:2	Gain:4	Het:2	cnLOH:2	cnLOH:2	cnLOH:2	NA:NA	cnLOH:2	cnLOH:2	cnLOH:2
TCGA-BRCA	TCGA-B6-A0I2	0.45	1.6	0.002	0.002	0	HR_proficient	none	0.0351552858034563	0.2204449926963554	0	15	21	10	46	0	0	850	0	1	133	additional_brca2	NA	c.-3005A>C(BRCA2)	NA	NA	HRP	NA	additional_brca2	NA	cnLOH:2	cnLOH:2	cnLOH:2	cnLOH:2	cnLOH:2	cnLOH:2	Gain:4	NA:NA	cnLOH:2	cnLOH:2	cnLOH:2
TCGA-BRCA	TCGA-EW-A1P8	0.68	1.0333	0.004	0.002	0.002	HR_proficient	none	0.01304263789363461	0.21482243863306524	0	15	16	10	41	0	2	825	0	0	123	exclude	NA	NA	NA	c.-1880_-1879insTTT(BRIP1);c.*599C>A(CHEK2)	HRP	NA	exclude	NA	Del:1	Del:1	Het:2	Del:1	Del:1	Del:1	Het:2	NA:NA	Del:1	Del:1	Del:1
TCGA-BRCA	TCGA-A8-A092	0.73	2.6666	0	0	0	HR_proficient	none	0.08263679520450158	0.07414919458091417	0	8	16	11	35	0	0	926	0	0	259	negative_brca1/2	NA	NA	NA	NA	HRP	NA	negative_brca1/2	NA	HighGain:6	Het:2	Gain:3	Het:2	HighGain:6	Gain:3	Gain:4	NA:NA	HighGain:7	Gain:5	cnLOH:2
TCGA-BRCA	TCGA-A2-A259	0.29	0.9	0.004	0	0.004	HR_proficient	none	1.4564280258881035e-4	0	0	2	4	6	12	0	0	1025	0	0	327	negative_brca1/2	NA	NA	NA	NA	HRP	NA	negative_brca1/2	NA	Het:2	Gain:4	Gain:4	Gain:4	HighGain:6	Gain:4	HighGain:10	NA:NA	HighGain:6	HighGain:6	HighGain:6
TCGA-BRCA	TCGA-C8-A12L	0.49	2.6666	0.95	0.914	0.036	HR_deficient	BRCA1_type	0.9999780719238476	0.35839067270658864	0	29	33	29	91	0	1	937	0	0	225	exclude	NA	NA	NA	c.-1904G>A(RAD51D)	HRD	NA	exclude	NA	Gain:3	cnLOH:2	Gain:4	Gain:5	Gain:4	Gain:4	Gain:4	NA:NA	Gain:4	Gain:4	cnLOH:2
TCGA-BRCA	TCGA-AO-A0JM	0.57	1.4	0	0	0	HR_proficient	none	0.0056006415249472	0.13140354518406627	0	10	21	17	48	0	2	662	0	0	279	exclude	NA	NA	NA	c.*7048G>T(BARD1);c.*5120A>G(RAD51C)	HRP	NA	exclude	ATM.c.8977C>T.Nonsense_Mutation	cnLOH:2	cnLOH:2	Gain:3	Gain:3	HighGain:14	Gain:3	Gain:4	NA:NA	HighGain:11	Gain:3	cnLOH:2
TCGA-BRCA	TCGA-AN-A04D	0.92	3.1333	0.992	0.022	0.97	HR_deficient	BRCA2_type	0.9964648133403092	0.4388499995410348	0.11206108925752643	12	23	25	60	0	0	817	0	0	228	negative_brca1/2	NA	NA	NA	NA	HRD	NA	negative_brca1/2	NA	Het:2	Del:0	Het:2	Het:2	Gain:3	Het:2	Het:2	NA:NA	Gain:3	Het:2	Del:1
TCGA-BRCA	TCGA-B6-A0RT	1	NA	0.008	0.002	0.006	HR_proficient	none	0.05056992735429621	0.3271899798794797	0.1272721167997787	0	2	1	3	0	0	807	0	0	241	negative_brca1/2	NA	NA	NA	NA	HRP	NA	negative_brca1/2	NA	Het:2	Het:2	Het:2	Het:2	Het:2	Het:2	Het:2	NA:NA	Het:2	Het:2	Het:2
TCGA-BRCA	TCGA-EW-A1PH	0.76	1.5666	0	0	0	HR_proficient	none	0.19139456791288892	0.2447567325105253	0	10	24	19	53	0	1	772	0	0	165	exclude	NA	NA	NA	c.-1066T>G(RAD51D)	HRP	NA	exclude	NA	Gain:3	Gain:3	Gain:3	Het:2	Gain:4	Het:2	Het:2	NA:NA	Gain:4	Het:2	Gain:3
TCGA-BRCA	TCGA-B6-A0X5	0.89	1.5	0	0	0	HR_proficient	none	0.00228716794052615	0.11462989221994813	0	2	1	0	3	0	0	697	0	0	151	negative_brca1/2	NA	NA	NA	NA	HRP	NA	negative_brca1/2	NA	Het:2	Del:1	Het:2	Het:2	Het:2	Het:2	Het:2	NA:NA	Het:2	Het:2	Het:2
TCGA-BRCA	TCGA-A2-A3XX	0.55	1.1	0	0	0	HR_proficient	none	2.4523970390297986e-4	0	0	10	11	4	25	0	0	1011	0	0	172	negative_brca1/2	NA	NA	NA	NA	HRP	NA	negative_brca1/2	NA	Gain:3	Het:2	Het:2	Gain:3	Gain:3	Gain:3	Gain:4	NA:NA	Gain:3	Gain:3	Gain:3
TCGA-BRCA	TCGA-E2-A15H	0.68	0.9	0	0	0	HR_proficient	none	8.115266460281291e-4	0	0	8	8	4	20	0	4	867	0	0	128	exclude	NA	NA	NA	c.*4648_*4649insA(BARD1);c.*4648T>C(BARD1);c.-3668G>A(BARD1);c.*2819_*2820insAAAA(BRIP1)	HRP	NA	exclude	NA	Del:1	Het:2	Het:2	Het:2	Het:2	Del:1	Het:2	NA:NA	Gain:4	Del:1	Del:1
TCGA-BRCA	TCGA-A8-A07I	0.71	1.7666	0	0	0	HR_proficient	none	0.00576785988791681	0.10026840206601952	0	10	11	6	27	0	1	956	0	0	280	exclude	NA	NA	NA	c.*2812A>G(BRIP1)	HRP	NA	exclude	BRCA2.c.4063G>T.Missense_Mutation	Del:1	Del:1	Del:1	Het:2	HighGain:6	Del:1	Het:2	NA:NA	HighGain:7	Gain:3	Del:1
TCGA-BRCA	TCGA-BH-A0B9	0.58	1.0333	0.002	0.002	0	HR_proficient	none	0.3004299078163773	0.2425602959322592	0.09810893232559136	19	13	20	52	0	0	893	0	0	284	negative_brca1/2	NA	NA	NA	NA	HRP	NA	negative_brca1/2	NA	Del:1	Del:1	Het:2	Het:2	cnLOH:2	Del:1	Gain:3	NA:NA	cnLOH:2	Del:1	Del:1
TCGA-BRCA	TCGA-BH-A0BW	0.56	3.1	0.702	0.086	0.616	HR_deficient	BRCA2_type	0.9648710077417636	0.24005212842335888	0.26908530738312025	18	22	21	61	0	0	974	0	0	328	negative_brca1/2	NA	NA	NA	NA	HRD	NA	negative_brca1/2	NA	cnLOH:2	Del:1	Het:2	Het:2	Gain:3	Het:2	Het:2	NA:NA	Gain:3	Gain:3	Del:1
TCGA-BRCA	TCGA-EW-A1J5	0.46	13.9	0	0	0	HR_proficient	none	3.0823647719049093e-4	0	0	9	13	12	34	0	2	953	0	0	258	exclude	NA	NA	NA	c.*9392C>G(RAD51D);c.*2755C>T(CHEK2)	HRP	NA	exclude	NA	HighGain:6	Gain:4	cnLOH:2	Gain:4	HighGain:6	Gain:4	Gain:4	NA:NA	HighGain:6	HighGain:6	cnLOH:2
TCGA-BRCA	TCGA-B6-A0I1	0.68	1.9666	0.002	0.002	0	HR_proficient	none	0.04364280428640042	0.14240477897630166	0	12	17	18	47	0	0	1147	0	0	219	negative_brca1/2	NA	NA	NA	NA	HRP	NA	negative_brca1/2	NA	Gain:4	cnLOH:2	Gain:4	Gain:3	Gain:4	Gain:4	Gain:4	NA:NA	Gain:4	HighGain:6	Gain:4
TCGA-BRCA	TCGA-A7-A26G	0.38	1.7666	0.006	0.006	0	HR_proficient	none	0.02006717842032912	0.4306448873349728	0	14	20	17	51	0	2	1069	0	0	195	exclude	NA	NA	NA	c.*332A>C(PALB2);c.*4548A>G(BRIP1)	HRP	NA	exclude	NA	Del:1	cnLOH:2	Gain:5	Het:2	cnLOH:2	Het:2	Het:2	NA:NA	cnLOH:2	Del:1	Del:1
TCGA-BRCA	TCGA-AR-A1AY	0.79	1.7333	0	0	0	HR_proficient	none	0.1738660393007738	0.2239091271205186	0	14	14	13	41	0	0	874	0	0	260	negative_brca1/2	NA	NA	NA	NA	HRP	NA	negative_brca1/2	NA	Del:1	Del:1	Het:2	Del:1	Del:1	cnLOH:2	Het:2	NA:NA	Del:1	Del:1	Del:1
TCGA-BRCA	TCGA-E2-A14X	0.37	0.9333	0	0	0	HR_proficient	none	0.00566095663168665	0.1213722141696784	0	3	13	5	21	0	1	859	0	0	309	exclude	NA	NA	NA	c.-3406_-3404delGTG(BARD1)	HRP	NA	exclude	NA	cnLOH:2	Gain:4	Gain:4	cnLOH:2	cnLOH:2	HighGain:6	Gain:4	NA:NA	cnLOH:2	cnLOH:2	cnLOH:2
TCGA-BRCA	TCGA-GM-A3XL	0.6	2.9	0.8380000000000001	0.774	0.064	HR_deficient	BRCA1_type	0.9995925304669352	0.4284291057118277	0	19	27	35	81	0	0	1192	0	1	191	additional_brca1	NA	c.*2013A>G(BRCA1)	NA	NA	HRD	NA	additional_brca1	NA	cnLOH:2	Het:2	cnLOH:2	Gain:3	Gain:3	Gain:3	Het:2	NA:NA	cnLOH:2	Del:1	Del:1
TCGA-BRCA	TCGA-B6-A0RU	0.54	1.1666	0.768	0.738	0.03	HR_deficient	BRCA1_type	0.9493030419423204	0.3670589148516899	0.2133269955086947	8	17	14	39	1	0	917	0	0	330	exclude	NA	NA	c.1935_1954dupTGAACAGGAAGAAAAGTATG[17:20|1:17](BARD1)	NA	HRD	NA	exclude	NA	Del:1	Del:1	Del:1	Del:1	Del:1	Het:2	Het:2	NA:NA	Del:1	Del:1	Del:1
TCGA-BRCA	TCGA-AC-A2BK	0.88	2.8666	0.008	0.004	0.004	HR_proficient	none	0.4196416163081774	0.2638185626187032	0.24270270290787835	17	25	13	55	0	0	1073	0	0	188	negative_brca1/2	NA	NA	NA	NA	HRP	NA	negative_brca1/2	NA	Gain:3	cnLOH:2	Gain:4	Gain:4	HighGain:7	Gain:3	cnLOH:2	NA:NA	Gain:3	Gain:3	Gain:4
TCGA-BRCA	TCGA-A2-A04X	0.58	1.0333	0	0	0	HR_proficient	none	5.0050756422973734e-5	0	0	4	6	7	17	0	0	1004	0	0	218	negative_brca1/2	NA	NA	NA	NA	HRP	NA	negative_brca1/2	NA	Del:1	Del:1	Del:1	Het:2	Het:2	Het:2	Het:2	NA:NA	Gain:4	Gain:3	Het:2
TCGA-BRCA	TCGA-BH-A0DT	0.48	0.6	0.006	0	0.006	HR_proficient	none	8.901205941312115e-4	0.1345189888228657	0.12427169241119489	1	3	0	4	0	0	878	0	1	147	additional_brca1	NA	c.*6152C>T(BRCA1)	NA	NA	HRP	NA	additional_brca1	NA	Het:2	Het:2	Het:2	Het:2	Het:2	Het:2	Gain:3	NA:NA	Het:2	Het:2	Het:2
TCGA-BRCA	TCGA-A2-A0D4	0.7	1.2666	0	0	0	HR_proficient	none	0.00410264740753413	0.13861867760668897	0	13	17	10	40	0	0	920	0	0	200	negative_brca1/2	NA	NA	NA	NA	HRP	NA	negative_brca1/2	NA	Gain:4	Gain:3	cnLOH:2	Gain:4	Gain:4	Gain:3	Gain:4	NA:NA	Gain:4	Gain:4	cnLOH:2
TCGA-BRCA	TCGA-A1-A0SM	0.6	0.6333	0	0	0	HR_proficient	none	6.985244383660702e-4	0	0	5	7	4	16	0	0	814	0	1	90	additional_brca1	NA	c.*20C>T(BRCA1)	NA	NA	HRP	NA	additional_brca1	NA	Del:1	Het:2	Del:1	Het:2	Gain:4	Het:2	Het:2	NA:NA	Gain:4	Del:1	Het:2
TCGA-BRCA	TCGA-A8-A075	0.52	2.1	0.804	0.17	0.634	HR_deficient	BRCA2_type	0.9948061534439891	0.26574652882507377	0.2134636796731556	19	26	27	72	1	0	883	0	0	122	negative_brca1/2	NA	NA	NA	NA	HRD	A_DEL02596562_DEL_36592_RAD51C_	exclude	NA	cnLOH:2	Gain:4	Gain:4	Gain:3	Gain:3	cnLOH:2	Gain:4	NA:NA	Gain:3	cnLOH:2	cnLOH:2
TCGA-BRCA	TCGA-BH-A0WA	0.58	2.0666	0.856	0.76	0.096	HR_deficient	BRCA1_type	0.9964545709875792	0.309142876611469	0.2841958259845558	19	33	28	80	0	2	704	0	0	301	exclude	NA	NA	NA	c.-170G>T(BARD1);c.*10469A>C(RAD51D)	HRD	NA	exclude	BRCA1.17:43071239-43071239.Splice_Site	cnLOH:2	cnLOH:2	cnLOH:2	cnLOH:2	Gain:3	Gain:4	Gain:5	NA:NA	Gain:3	cnLOH:2	cnLOH:2
TCGA-BRCA	TCGA-BH-A0AV	0.55	2.2333	0.916	0.912	0.004	HR_deficient	BRCA1_type	0.9961049502140736	0.434613663706785	0.1336368765197529	21	23	25	69	0	1	1103	0	2	214	additional_brca1	NA	c.*4327A>G(BRCA1);c.*1297G>T(BRCA1)	NA	c.-405_-404delTT(BRIP1)	HRD	NA	additional_brca1	CHEK2.c.738T>G.Missense_Mutation	Del:1	Del:1	Del:1	Del:1	cnLOH:2	Het:2	Het:2	NA:NA	cnLOH:2	Del:1	Del:1
TCGA-BRCA	TCGA-A7-A13D	0.54	3.1	0.18	0.114	0.066	HR_proficient	none	0.9111228357304464	0.41635043389675097	0	19	23	14	56	0	0	973	0	0	292	negative_brca1/2	NA	NA	NA	NA	Inconsistent	NA	negative_brca1/2	NA	cnLOH:2	cnLOH:2	cnLOH:2	Gain:3	Gain:5	Gain:5	cnLOH:2	NA:NA	cnLOH:2	Gain:3	Gain:5
TCGA-BRCA	TCGA-EW-A1PB	0.36	4.8333	0.8180000000000001	0.754	0.064	HR_deficient	BRCA1_type	0.9999292483839728	0.25767178021998977	0	38	29	20	87	0	0	1025	0	0	175	negative_brca1/2	NA	NA	NA	NA	HRD	NA	negative_brca1/2	NA	cnLOH:2	cnLOH:2	cnLOH:2	cnLOH:2	cnLOH:2	cnLOH:2	cnLOH:2	NA:NA	cnLOH:2	cnLOH:2	cnLOH:2
TCGA-BRCA	TCGA-A8-A08L	0.6	7.6333	0.948	0.01	0.938	HR_deficient	BRCA2_type	0.9995730380342462	0.1977845319775564	0.2854496391518076	25	30	28	83	0	0	775	0	0	251	negative_brca1/2	NA	NA	NA	NA	HRD	NA	negative_brca1/2	BRCA2.13:32357930-32357930.Splice_Site	cnLOH:2	cnLOH:2	cnLOH:2	Gain:4	HighGain:6	Gain:4	Gain:4	NA:NA	HighGain:6	Gain:4	cnLOH:2
TCGA-BRCA	TCGA-C8-A130	0.56	0.7	0	0	0	HR_proficient	none	0.00435620051204893	0	0.124140776295258	10	26	22	58	0	0	834	0	0	309	negative_brca1/2	NA	NA	NA	NA	HRP	NA	negative_brca1/2	NA	Gain:5	Gain:3	Del:1	Het:2	Gain:4	Gain:3	Gain:4	NA:NA	Gain:5	Gain:4	Gain:3
TCGA-BRCA	TCGA-AO-A03N	0.64	3.1	0	0	0	HR_proficient	none	1.0039198789423904e-4	0	0	4	13	8	25	1	1	998	0	0	277	exclude	NA	NA	c.1315-809A>G[19:20|26:31](BARD1)	c.*4427C>G(BARD1)	HRP	NA	exclude	NA	Gain:3	Het:2	Gain:3	Gain:4	Gain:3	Gain:3	HighGain:6	NA:NA	Gain:3	cnLOH:2	cnLOH:2
TCGA-BRCA	TCGA-AN-A0G0	0.65	1.5333	0	0	0	HR_proficient	none	0.00312173630374388	0.09685887233194702	0	11	18	3	32	0	1	892	0	0	287	exclude	NA	NA	NA	c.*2360A>T(TP53)	HRP	NA	exclude	NA	Gain:3	cnLOH:2	Gain:5	Gain:3	Gain:3	Gain:5	Gain:3	NA:NA	Gain:3	Gain:3	cnLOH:2
TCGA-BRCA	TCGA-BH-A0H0	0.76	0.9	0	0	0	HR_proficient	none	0.00143173406916487	0.11123760505906224	0	9	9	1	19	0	0	848	0	0	116	negative_brca1/2	NA	NA	NA	NA	HRP	NA	negative_brca1/2	NA	Gain:4	cnLOH:2	cnLOH:2	Gain:4	Gain:4	Gain:4	Gain:4	NA:NA	Gain:4	Gain:4	cnLOH:2
TCGA-BRCA	TCGA-A8-A094	0.41	6.4333	0	0	0	HR_proficient	none	0.2479669943322456	0	0	17	22	19	58	0	0	886	0	0	262	negative_brca1/2	NA	NA	NA	NA	HRP	NA	negative_brca1/2	NA	cnLOH:2	cnLOH:2	cnLOH:2	Gain:3	cnLOH:2	HighGain:6	Gain:4	NA:NA	cnLOH:2	cnLOH:2	cnLOH:2
TCGA-BRCA	TCGA-AQ-A04J	0.5	1.4666	0.762	0.244	0.518	HR_deficient	BRCA2_type	0.7724381340170723	0.3683567390557744	0.25306937025850934	19	19	24	62	0	0	879	0	0	298	negative_brca1/2	NA	NA	NA	NA	HRD	NA	negative_brca1/2	NA	Del:1	cnLOH:2	Del:1	Het:2	cnLOH:2	Het:2	Het:2	NA:NA	cnLOH:2	Del:1	Del:1
TCGA-BRCA	TCGA-A2-A0D2	0.53	2.5666	0.896	0.85	0.046	HR_deficient	BRCA1_type	0.9998011076232788	0.5079010386638579	0	20	33	32	85	0	0	931	1	0	90	positive_brca1	c.5137delG[21:22|11:22](BRCA1)	NA	NA	NA	HRD	NA	positive_brca1	NA	Del:1	Del:1	Del:1	Del:1	cnLOH:2	Het:2	Del:1	NA:NA	cnLOH:2	Del:1	Del:1
TCGA-BRCA	TCGA-A7-A0CE	0.73	2.3	1	0	1	HR_deficient	BRCA2_type	0.999113942726111	0.4858127885032815	0.09681649310297973	10	24	23	57	0	0	893	0	0	298	negative_brca1/2	NA	NA	NA	NA	HRD	NA	negative_brca1/2	NA	Gain:3	Del:0	cnLOH:2	Del:1	Gain:3	cnLOH:2	Gain:4	NA:NA	Gain:3	Gain:3	Gain:3
TCGA-BRCA	TCGA-GI-A2C9	0.66	4.1666	0.972	0.912	0.06	HR_deficient	BRCA1_type	0.999972226682148	0.37005023122924424	0.30883597865173895	25	32	33	90	0	2	1100	0	0	317	exclude	NA	NA	NA	c.*4082delC(PTEN);c.-2191A>C(RAD51C)	HRD	NA	exclude	NA	cnLOH:2	cnLOH:2	Gain:3	cnLOH:2	Gain:3	Gain:4	cnLOH:2	NA:NA	Gain:3	cnLOH:2	cnLOH:2
TCGA-BRCA	TCGA-AR-A24Z	0.83	1.6333	0	0	0	HR_proficient	none	3.5675967129458313e-4	0	0	8	20	8	36	0	1	1088	0	0	261	exclude	NA	NA	NA	c.*3112_*3114delTTT(BRIP1)	HRP	NA	exclude	NA	Gain:4	cnLOH:2	Del:1	Gain:3	Gain:4	cnLOH:2	Gain:3	NA:NA	Gain:4	Gain:4	cnLOH:2
TCGA-BRCA	TCGA-B6-A0WX	0.34	1.1666	0	0	0	HR_proficient	none	0.16401235141370246	0.16161842328367915	0.12079302314285738	16	17	6	39	0	0	899	0	0	321	negative_brca1/2	NA	NA	NA	NA	HRP	NA	negative_brca1/2	NA	Gain:4	cnLOH:2	Gain:3	Gain:4	Gain:4	cnLOH:2	Gain:4	NA:NA	Gain:4	Gain:4	HighGain:6
TCGA-BRCA	TCGA-E2-A152	0.53	2.7666	0.002	0	0.002	HR_proficient	none	1.2865805574374838e-4	0	0	9	7	5	21	1	0	979	0	1	293	exclude	NA	c.-62G>A(BRCA1)	c.465A>G[6:22|16:25](BARD1)	NA	HRP	NA	exclude	NA	cnLOH:2	Del:1	cnLOH:2	Gain:3	cnLOH:2	HighGain:9	Gain:4	NA:NA	cnLOH:2	cnLOH:2	cnLOH:2
TCGA-BRCA	TCGA-C8-A12Q	0.51	3.3666	0	0	0	HR_proficient	none	0.0024746184596525	0	0	14	22	17	53	0	1	824	0	0	144	exclude	NA	NA	NA	c.-879G>T(BARD1)	HRP	NA	exclude	NA	Del:1	cnLOH:2	Del:1	Het:2	Gain:3	Het:2	Het:2	NA:NA	Gain:3	Del:1	Del:1
TCGA-BRCA	TCGA-AO-A0J4	0.5	2.0333	0.736	0.264	0.472	HR_deficient	BRCA2_type	0.8121749314843201	0.4115741510956173	0.11125480256380528	19	22	15	56	0	2	1082	0	0	319	exclude	NA	NA	NA	c.*10805G>A(PTEN);c.-4018C>T(BARD1)	HRD	NA	exclude	NA	Gain:3	cnLOH:2	cnLOH:2	Gain:3	Gain:4	Gain:3	Gain:3	NA:NA	Gain:3	cnLOH:2	cnLOH:2
TCGA-BRCA	TCGA-BH-A0H6	0.76	0.7666	0	0	0	HR_proficient	none	7.667183907746955e-5	0	0.1023294832175577	2	5	2	9	0	0	1052	0	0	241	negative_brca1/2	NA	NA	NA	NA	HRP	NA	negative_brca1/2	NA	Het:2	Het:2	Het:2	Het:2	Het:2	Het:2	Gain:5	NA:NA	Het:2	Het:2	Het:2
TCGA-BRCA	TCGA-AO-A124	0.81	5.2333	0.98	0.914	0.066	HR_deficient	BRCA1_type	0.9999919282640284	0.4244677571072338	0.21335472943429976	27	37	23	87	0	2	917	1	1	272	positive_brca1	c.68_69delAG[23:12|5:77](BRCA1)	c.-1000G>C(BRCA1)	NA	c.*4858_*4859delCA(TP53);c.*5374A>G(BARD1)	HRD	NA	positive_brca1	BRCA2.c.9911G>C.Missense_Mutation	Gain:4	cnLOH:2	cnLOH:2	cnLOH:2	Gain:5	cnLOH:2	Gain:5	NA:NA	Gain:3	Gain:4	cnLOH:2
TCGA-BRCA	TCGA-E9-A1NH	0.55	0.8666	0	0	0	HR_proficient	none	9.641115790530642e-5	0	0	2	7	6	15	0	1	788	0	0	130	exclude	NA	NA	NA	c.*8345A>G(PTEN)	HRP	NA	exclude	NA	Gain:3	Gain:3	Gain:3	Gain:4	Gain:3	Gain:3	HighGain:6	NA:NA	Gain:3	Gain:3	Gain:3
TCGA-BRCA	TCGA-A8-A07B	0.68	1.7666	0	0	0	HR_proficient	none	0.00864869066628215	0.1214406105990224	0	6	14	8	28	0	0	958	0	0	288	negative_brca1/2	NA	NA	NA	NA	HRP	NA	negative_brca1/2	NA	cnLOH:2	cnLOH:2	cnLOH:2	Gain:4	Gain:5	Gain:3	cnLOH:2	NA:NA	Gain:5	cnLOH:2	cnLOH:2
TCGA-BRCA	TCGA-A2-A04T	0.63	1.9666	0.944	0.864	0.08	HR_deficient	BRCA1_type	0.9999860746166432	0.47983787469209543	0.1866090525983859	29	31	29	89	0	0	549	0	0	287	negative_brca1/2	NA	NA	NA	NA	HRD	NA	negative_brca1/2	NA	cnLOH:2	HighGain:6	cnLOH:2	cnLOH:2	cnLOH:2	Gain:4	cnLOH:2	NA:NA	cnLOH:2	cnLOH:2	cnLOH:2
TCGA-BRCA	TCGA-AO-A12H	0.26	1.0666	0.006	0.002	0.004	HR_proficient	none	4.6252481848250546e-5	0	0	2	1	2	5	0	1	891	0	0	271	exclude	NA	NA	NA	c.*1711C>T(CHEK2)	HRP	NA	exclude	NA	Het:2	Het:2	Het:2	Del:1	Het:2	Het:2	Het:2	NA:NA	Het:2	Het:2	Het:2
TCGA-BRCA	TCGA-A2-A04Q	0.38	0.2666	0.02	0.004	0.016	HR_proficient	none	4.303630089020514e-4	0.15657436040012124	0	0	5	7	12	0	3	817	0	0	234	exclude	NA	NA	NA	c.*4648_*4649insA(BARD1);c.*4648T>C(BARD1);c.*2819_*2820insAAAA(BRIP1)	HRP	NA	exclude	NA	Het:2	Het:2	Het:2	Het:2	Het:2	Het:2	Het:2	NA:NA	Het:2	Het:2	Het:2
TCGA-BRCA	TCGA-BH-A1FC	0.46	3.0333	0	0	0	HR_proficient	none	0.0704943520660263	0.3125067149098732	0	12	22	13	47	0	1	1035	0	0	167	exclude	NA	NA	NA	c.*1005A>G(CHEK2)	HRP	NA	exclude	NA	Gain:4	Gain:3	cnLOH:2	Gain:3	Gain:5	cnLOH:2	Gain:3	NA:NA	Gain:5	Gain:4	Gain:3
TCGA-BRCA	TCGA-A2-A0YG	0.56	1.3	0	0	0	HR_proficient	none	0.01485150927673419	0.12366275838930718	0	5	22	10	37	0	0	951	0	0	134	negative_brca1/2	NA	NA	NA	NA	HRP	NA	negative_brca1/2	NA	cnLOH:2	Het:2	Gain:3	Gain:3	HighGain:28	cnLOH:2	Gain:4	NA:NA	cnLOH:2	cnLOH:2	cnLOH:2
TCGA-BRCA	TCGA-AR-A0TX	0.42	8.0333	0	0	0	HR_proficient	none	1.9592415600939772e-4	0	0	6	9	6	21	0	0	865	0	0	73	negative_brca1/2	NA	NA	NA	NA	HRP	NA	negative_brca1/2	NA	Del:1	Gain:3	Het:2	Het:2	Het:2	cnLOH:2	Del:1	NA:NA	Del:1	HighGain:10	Del:1
TCGA-BRCA	TCGA-A2-A04P	0.59	2.5	0.784	0.254	0.53	HR_deficient	BRCA2_type	0.971906490983576	0.5000646134089511	0.21387766252230667	26	32	26	84	0	0	901	0	0	300	negative_brca1/2	NA	NA	NA	NA	HRD	NA	negative_brca1/2	NA	cnLOH:2	Gain:5	cnLOH:2	Gain:4	HighGain:7	Gain:3	Gain:4	NA:NA	cnLOH:2	cnLOH:2	cnLOH:2
TCGA-BRCA	TCGA-AO-A0J2	0.66	1.8333	0.976	0.95	0.026	HR_deficient	BRCA1_type	0.999753989310622	0.3393370850214131	0.3485775167677043	24	31	32	87	0	0	889	0	1	257	additional_brca1	NA	c.-1486G>A(BRCA1)	NA	NA	HRD	NA	additional_brca1	NA	cnLOH:2	Gain:4	cnLOH:2	Gain:3	Gain:5	Gain:5	Gain:3	NA:NA	Gain:5	Gain:3	cnLOH:2
TCGA-BRCA	TCGA-AR-A256	0.76	6.4	0.852	0.268	0.584	HR_deficient	BRCA2_type	0.9992488237658816	0.5528255814241755	0	16	27	9	52	0	0	872	0	0	102	negative_brca1/2	NA	NA	NA	NA	HRD	NA	negative_brca1/2	NA	cnLOH:2	Gain:3	cnLOH:2	Gain:3	Gain:5	cnLOH:2	Gain:3	NA:NA	Gain:4	cnLOH:2	cnLOH:2
TCGA-BRCA	TCGA-A2-A0EY	0.51	5.7333	0	0	0	HR_proficient	none	0.00871474597856003	0	0	16	22	16	54	0	3	787	0	0	289	exclude	NA	NA	NA	c.-553G>T(PTEN);c.*9811C>G(PTEN);c.*2139G>A(PALB2)	HRP	NA	exclude	ATM.c.4759C>A.Missense_Mutation	Gain:3	Gain:5	Gain:4	Gain:3	Gain:3	Gain:3	Gain:5	NA:NA	Gain:3	cnLOH:2	cnLOH:2
TCGA-BRCA	TCGA-GM-A2DF	0.21	0.8	0.002	0.002	0	HR_proficient	none	0.02396494489799142	0.25011422213322915	0	14	25	26	65	0	1	986	0	0	307	exclude	NA	NA	NA	c.*7402C>T(BRIP1)	HRP	NA	exclude	NA	Gain:3	cnLOH:2	Gain:4	cnLOH:2	Gain:5	Gain:4	Gain:4	NA:NA	Gain:3	cnLOH:2	cnLOH:2
TCGA-BRCA	TCGA-EW-A3U0	0.26	4.7	0.96	0.956	0.004	HR_deficient	BRCA1_type	0.9996524131433128	0.3872281473012053	0.41542795749667455	20	32	18	70	0	1	972	0	0	304	exclude	NA	NA	NA	c.-1619C>T(BRIP1)	HRD	NA	exclude	NA	Gain:4	cnLOH:2	Gain:5	cnLOH:2	Gain:4	HighGain:6	Gain:4	NA:NA	Gain:4	Gain:4	HighGain:8
TCGA-BRCA	TCGA-E2-A14P	0.32	1.5666	0	0	0	HR_proficient	none	0.02395391020389872	0	0.15644203378803437	28	28	19	75	0	0	911	0	0	274	negative_brca1/2	NA	NA	NA	NA	HRP	NA	negative_brca1/2	BRIP1.c.1619_1627delAAAATAGCA.In_Frame_Del	HighGain:6	HighGain:6	Gain:4	HighGain:6	HighGain:6	Gain:4	HighGain:6	NA:NA	HighGain:28	cnLOH:2	Gain:4
TCGA-BRCA	TCGA-AO-A0J6	0.67	2.6666	0.782	0.194	0.588	HR_deficient	BRCA2_type	0.972512916715595	0.5266166834698794	0	19	23	20	62	0	0	871	0	0	284	negative_brca1/2	NA	NA	NA	NA	HRD	NA	negative_brca1/2	NA	cnLOH:2	Del:1	cnLOH:2	Del:1	cnLOH:2	cnLOH:2	Het:2	NA:NA	cnLOH:2	cnLOH:2	cnLOH:2
TCGA-BRCA	TCGA-A2-A25B	0.59	3.5	0.7120000000000001	0.654	0.058	HR_deficient	BRCA1_type	0.956207670304832	0.31812667518425125	0.25596947227439826	12	28	30	70	0	2	924	0	0	192	exclude	NA	NA	NA	c.*5953dupT(PTEN);c.*11772G>T(RAD51D)	HRD	NA	exclude	BRCA1.c.2158G>T.Nonsense_Mutation	cnLOH:2	Gain:3	cnLOH:2	Gain:4	HighGain:18	cnLOH:2	Gain:4	NA:NA	HighGain:23	HighGain:7	cnLOH:2
TCGA-BRCA	TCGA-A2-A0CM	0.4	1.8	0.002	0	0.002	HR_proficient	none	0.01044464857637479	0.08451585385775634	0	16	29	25	70	1	0	1025	0	0	242	exclude	NA	NA	c.263+2T>G[12:5|27:5](RAD51D)	NA	HRP	NA	exclude	NA	Gain:4	HighGain:6	Gain:3	Gain:4	HighGain:7	Gain:3	Gain:3	NA:NA	Gain:4	Gain:3	Gain:4
TCGA-BRCA	TCGA-E2-A1LG	0.76	4.0666	0.004	0	0.004	HR_proficient	none	8.84881502196358e-4	0	0	4	8	2	14	0	0	920	0	0	291	negative_brca1/2	NA	NA	NA	NA	HRP	NA	negative_brca1/2	NA	Gain:3	HighGain:7	Gain:3	Gain:3	Gain:3	Gain:3	Gain:4	NA:NA	Gain:3	Gain:3	cnLOH:2
TCGA-BRCA	TCGA-E2-A156	0.78	0.8333	0	0	0	HR_proficient	none	7.949563694977236e-5	0	0	2	3	4	9	0	0	729	0	0	304	negative_brca1/2	NA	NA	NA	NA	HRP	NA	negative_brca1/2	NA	Gain:4	Gain:4	Gain:4	Gain:3	Gain:4	Gain:4	HighGain:8	NA:NA	Gain:4	Gain:4	Gain:4
TCGA-BRCA	TCGA-E2-A109	0.68	2.2666	0.002	0	0.002	HR_proficient	none	0.00925834500368889	0.1125867238392102	0.5012015643712693	8	19	8	35	0	1	904	0	0	246	exclude	NA	NA	NA	c.*3305G>A(RAD51C)	HRP	NA	exclude	BRCA2.c.4241C>T.Missense_Mutation	Gain:5	cnLOH:2	Gain:3	Gain:3	Gain:3	Gain:3	Gain:4	NA:NA	HighGain:9	Gain:3	Gain:3
TCGA-BRCA	TCGA-EW-A1PC	0.81	3.2333	0	0	0	HR_proficient	none	0.00299834542860951	0	0.1610497150337455	10	32	12	54	0	0	1019	0	0	126	negative_brca1/2	NA	NA	NA	NA	HRP	NA	negative_brca1/2	NA	HighGain:6	Gain:4	Gain:3	Gain:3	HighGain:6	Gain:3	Gain:3	NA:NA	HighGain:6	HighGain:6	Gain:3
TCGA-BRCA	TCGA-AN-A0XR	0.87	1.2333	0.002	0.002	0	HR_proficient	none	5.8376344753339e-5	0	0	5	6	1	12	0	0	962	0	0	110	negative_brca1/2	NA	NA	NA	NA	HRP	NA	negative_brca1/2	NA	Del:1	Het:2	Het:2	Het:2	HighGain:7	Del:1	Gain:4	NA:NA	Gain:5	Del:1	Del:1
TCGA-BRCA	TCGA-BH-A18R	0.53	0.7666	0	0	0	HR_proficient	none	0.00764393710687884	0.1324849573292792	0	7	12	14	33	0	0	928	0	0	127	negative_brca1/2	NA	NA	NA	NA	HRP	NA	negative_brca1/2	NA	Del:1	Het:2	Del:1	Het:2	Gain:4	Het:2	Het:2	NA:NA	HighGain:16	Del:1	Het:2
MAGIC	MAGIC128	0.53	0.4666	0.008	0.008	0	HR_proficient	none	7.986094942268984e-4	0.14177501162801587	0	7	5	2	14	0	3	992	0	0	114	exclude	NA	NA	NA	c.*1103G>A(PALB2);c.-4132T>G(RAD51D);c.*6888_*6890delTTT(BRIP1)	HRP	NA	exclude	NA	Het:2	Del:1	Del:1	Het:2	Het:2	Het:2	Het:2	NA:NA	Het:2	Het:2	Het:2
MAGIC	MAGIC35	0.55	0.8666	0.006	0.006	0	HR_proficient	none	0.001969739921167	0.15403867051310424	0	6	8	2	16	0	0	901	0	0	158	negative_brca1/2	NA	NA	NA	NA	HRP	NA	negative_brca1/2	NA	Gain:4	Gain:4	cnLOH:2	Gain:4	Gain:4	Gain:4	Gain:4	NA:NA	Gain:4	Gain:4	Gain:4
MAGIC	MAGIC89	0.38	0.5333	0	0	0	HR_proficient	none	6.267392784302047e-4	0.1147348703110791	0	1	4	1	6	0	0	923	0	1	267	additional_brca2	NA	c.7799_7800insCCTGACCTTTAAAAAATGGTTTGAAGAGGCAAATCGTGAATTAGGGAAAAAACAATATTTAGTTCC(BRCA2)	NA	NA	HRP	NA	additional_brca2	NA	Gain:4	Gain:4	Gain:4	Gain:4	Gain:4	Het:2	HighGain:6	NA:NA	Gain:4	Gain:4	Gain:4
MAGIC	MAGIC22	0.51	1.8	0	0	0	HR_proficient	none	0.01588903109097147	0.1033677603680404	0	8	24	15	47	0	2	829	0	0	317	exclude	NA	NA	NA	c.*2396T>C(CHEK2);c.*2378G>A(CHEK2)	HRP	NA	exclude	NA	Gain:3	Gain:4	Gain:3	Gain:4	HighGain:6	Gain:4	HighGain:6	NA:NA	Gain:3	HighGain:6	Gain:3
MAGIC	MAGIC47	0.38	1.1333	0	0	0	HR_proficient	none	0.00695225838911011	0.13180022375476677	0	6	18	10	34	0	2	973	0	0	279	exclude	NA	NA	NA	c.*3539dupA(TP53);c.*5356A>G(RAD51C)	HRP	NA	exclude	NA	Gain:5	Gain:4	Gain:5	Gain:3	Gain:5	Gain:4	Gain:3	NA:NA	Gain:5	HighGain:7	cnLOH:2
MAGIC	MAGIC85	0.5	0.5333	0	0	0	HR_proficient	none	1.6531726187858078e-4	0.1770454266102083	0	0	4	1	5	0	0	1007	0	0	291	negative_brca1/2	NA	NA	NA	NA	HRP	NA	negative_brca1/2	NA	Het:2	Het:2	Het:2	Het:2	Het:2	Het:2	Het:2	NA:NA	Het:2	Het:2	Het:2
MAGIC	MAGIC114	0.34	1.6	0	0	0	HR_proficient	none	0.00630977142013181	0.2106513503712678	0.32099344642776567	7	8	7	22	0	0	861	0	0	146	negative_brca1/2	NA	NA	NA	NA	HRP	NA	negative_brca1/2	NA	Het:2	Het:2	cnLOH:2	Gain:3	Het:2	Gain:4	Gain:4	NA:NA	Het:2	Het:2	Het:2
MAGIC	MAGIC104	0.58	0.4666	0	0	0	HR_proficient	none	3.841818980734763e-4	0	0	13	7	12	32	0	2	699	0	0	306	exclude	NA	NA	NA	c.*4284G>A(TP53);c.-2221G>C(TP53)	HRP	NA	exclude	NA	Het:2	Del:1	Het:2	Het:2	Het:2	Het:2	Het:2	NA:NA	Het:2	Het:2	Het:2
MAGIC	MAGIC97	0.62	0.5333	0	0	0	HR_proficient	none	2.7549933317445305e-4	0	0	8	15	12	35	0	0	856	0	0	109	negative_brca1/2	NA	NA	NA	NA	HRP	NA	negative_brca1/2	NA	Gain:3	Het:2	Del:1	Het:2	Gain:3	Het:2	Gain:3	NA:NA	Gain:3	Gain:3	Gain:3
MAGIC	MAGIC36	0.54	2.0666	0	0	0	HR_proficient	none	4.058412503476914e-4	0	0	4	5	3	12	0	3	886	0	0	100	exclude	NA	NA	NA	c.*4193C>A(TP53);c.*11155C>A(RAD51D);c.*4708T>G(RAD51C)	HRP	NA	exclude	NA	Het:2	Het:2	Del:1	Het:2	Het:2	Het:2	Het:2	NA:NA	Het:2	Het:2	Het:2
MAGIC	MAGIC81	0.55	0.5666	0	0	0	HR_proficient	none	1.0197405332391028e-4	0	0	2	20	2	24	0	0	931	0	0	64	negative_brca1/2	NA	NA	NA	NA	HRP	NA	negative_brca1/2	NA	Gain:4	Gain:4	Gain:4	Gain:4	Gain:4	cnLOH:2	Gain:4	NA:NA	Gain:4	Gain:4	cnLOH:2
MAGIC	MAGIC109	0.61	0.8	0	0	0	HR_proficient	none	8.790836845325049e-4	0.2599709939734639	0	2	4	4	10	0	1	916	0	0	289	exclude	NA	NA	NA	c.*4123A>G(RAD51C)	HRP	NA	exclude	NA	Gain:3	Het:2	Het:2	Het:2	Het:2	Het:2	Het:2	NA:NA	Het:2	Het:2	Het:2
MAGIC	MAGIC18	0.56	0.4666	0	0	0	HR_proficient	none	5.03059855656454e-5	0	0	5	6	2	13	0	1	971	0	0	254	exclude	NA	NA	NA	c.*4440C>A(RAD51C)	HRP	NA	exclude	NA	Het:2	Het:2	Het:2	Het:2	Het:2	Het:2	Gain:3	NA:NA	Het:2	Het:2	Het:2
MAGIC	MAGIC77	0.23	0.4666	0	0	0	HR_proficient	none	9.187010160579012e-4	0.16717436147899575	0	3	11	7	21	0	2	979	0	0	316	exclude	NA	NA	NA	c.-2696C>T(TP53);c.*2089T>G(PALB2)	HRP	NA	exclude	NA	Gain:4	Gain:4	Gain:4	Gain:4	Gain:4	Gain:4	HighGain:6	NA:NA	Gain:4	Gain:4	Gain:4
MAGIC	MAGIC44	0.72	0.4666	0	0	0	HR_proficient	none	3.966512914078805e-4	0	0	8	6	8	22	0	1	887	0	0	281	exclude	NA	NA	NA	c.*3739G>A(RAD51C)	HRP	NA	exclude	NA	Het:2	Del:1	Del:1	Het:2	Het:2	Het:2	Het:2	NA:NA	Het:2	HighGain:6	Del:1
MAGIC	MAGIC26	0.66	0.6666	0	0	0	HR_proficient	none	8.064614176675243e-5	0	0.10798108065676182	4	6	2	12	0	0	964	0	0	117	negative_brca1/2	NA	NA	NA	NA	HRP	NA	negative_brca1/2	NA	Het:2	HighGain:7	Het:2	Het:2	Het:2	Het:2	Het:2	NA:NA	Het:2	Het:2	Del:1
MAGIC	MAGIC88	0.34	3.4333	0.002	0	0.002	HR_proficient	none	4.078756771055282e-4	0	0	9	10	6	25	0	0	876	0	0	133	negative_brca1/2	NA	NA	NA	NA	HRP	NA	negative_brca1/2	BRIP1.c.2129C>G.Missense_Mutation	Het:2	Het:2	Gain:4	Gain:4	Het:2	Het:2	HighGain:6	NA:NA	Het:2	Het:2	Het:2
MAGIC	MAGIC93	0.79	0.6333	0	0	0	HR_proficient	none	8.779820289717969e-5	0.12772772519914663	0	0	2	0	2	0	0	989	0	0	297	negative_brca1/2	NA	NA	NA	NA	HRP	NA	negative_brca1/2	NA	Het:2	Het:2	Het:2	Het:2	Het:2	Het:2	Het:2	NA:NA	Het:2	Het:2	Het:2
MAGIC	MAGIC121	0.57	0.9	0	0	0	HR_proficient	none	0.00163131557725067	0.20996696200178508	0	8	9	5	22	0	0	1014	0	0	126	negative_brca1/2	NA	NA	NA	NA	HRP	NA	negative_brca1/2	NA	Del:1	Het:2	Het:2	Het:2	Het:2	Del:1	Het:2	NA:NA	Del:1	Del:1	Del:1
MAGIC	MAGIC107	0.72	0.6	0	0	0	HR_proficient	none	2.5054776211663006e-4	0	0	5	3	4	12	0	0	1027	0	0	124	negative_brca1/2	NA	NA	NA	NA	HRP	NA	negative_brca1/2	NA	Gain:3	Het:2	Del:1	Het:2	Gain:3	Het:2	Het:2	NA:NA	Gain:3	Gain:3	Del:1
MAGIC	MAGIC90	1	0.3666	0	0	0	HR_proficient	none	3.654838080277922e-4	0.3104803463597824	0	0	0	0	0	3	1	1021	0	0	162	exclude	NA	NA	c.1454C>T[19:16|9:11](BARD1);c.6006+1197delT[9:11|15:6](ATM);c.1368dupA[24:12|10:10](CHEK2)	c.*5390C>G(RAD51C)	HRP	NA	exclude	NA	Het:2	Het:2	Het:2	Het:2	Het:2	Het:2	Het:2	NA:NA	Het:2	Het:2	Het:2
MAGIC	MAGIC41	0.39	2.6666	0.004	0	0.004	HR_proficient	none	5.94085475677212e-5	0	0	5	3	6	14	0	0	903	0	0	298	negative_brca1/2	NA	NA	NA	NA	HRP	NA	negative_brca1/2	NA	Het:2	Het:2	Het:2	Het:2	Het:2	Del:1	Het:2	NA:NA	Het:2	Het:2	Het:2
MAGIC	MAGIC25	0.45	0.8666	0	0	0	HR_proficient	none	0.00603811227565328	0.21532818079431496	0	11	24	22	57	0	1	922	0	0	261	exclude	NA	NA	NA	c.*6124C>T(RAD51C)	HRP	NA	exclude	NA	cnLOH:2	Gain:3	Gain:3	cnLOH:2	Gain:4	Gain:3	Gain:3	NA:NA	Gain:4	cnLOH:2	cnLOH:2
MAGIC	MAGIC64	0.43	0.4666	0	0	0	HR_proficient	none	6.574984792674267e-4	0.19461749105439183	0	3	4	3	10	0	1	923	0	0	307	exclude	NA	NA	NA	c.-1783C>T(RAD51D)	HRP	NA	exclude	NA	Het:2	Het:2	Del:1	Het:2	Het:2	Het:2	Het:2	NA:NA	Het:2	Het:2	Het:2
MAGIC	MAGIC132	0.31	2.5	0.362	0.348	0.014	HR_proficient	none	0.5961540525118834	0.33448314717561634	0	12	20	14	46	0	1	1023	0	0	141	exclude	NA	NA	NA	c.*1635A>G(PALB2)	HRP	NA	exclude	NA	Het:2	Het:2	Gain:5	Het:2	Het:2	Het:2	Het:2	NA:NA	Het:2	Het:2	Het:2
MAGIC	MAGIC2	0.48	1.5333	0.012	0.012	0	HR_proficient	none	0.09456513410039284	0.3181549688996814	0.11566023559254628	21	22	22	65	0	1	877	0	0	312	exclude	NA	NA	NA	c.*5153G>T(ATM)	HRP	NA	exclude	NA	Gain:3	Gain:3	Gain:3	Gain:3	Gain:3	Gain:3	cnLOH:2	NA:NA	Gain:3	Gain:3	cnLOH:2
MAGIC	MAGIC42	0.32	2.2	0.818	0.114	0.704	HR_deficient	BRCA2_type	0.9367962390947396	0.4862818626754294	0.14864190087082277	16	27	26	69	0	1	976	0	0	242	exclude	NA	NA	NA	c.*10795C>T(PTEN)	HRD	NA	exclude	BRCA2.13:32394663-32394688.Splice_Site	Gain:3	Het:2	Gain:4	HighGain:6	Gain:3	Gain:4	Gain:4	NA:NA	Gain:3	Gain:4	Gain:4
MAGIC	MAGIC133	0.71	0.6333	0	0	0	HR_proficient	none	0.00175748376222953	0.16910929715369033	0	2	3	2	7	0	0	925	0	0	116	negative_brca1/2	NA	NA	NA	NA	HRP	NA	negative_brca1/2	NA	Het:2	Het:2	Het:2	Het:2	Het:2	Het:2	Gain:3	NA:NA	Het:2	Het:2	Het:2
MAGIC	MAGIC130	0.59	0.2666	0	0	0	HR_proficient	none	8.036633065353315e-5	0	0	9	7	5	21	0	0	966	0	0	315	negative_brca1/2	NA	NA	NA	NA	HRP	NA	negative_brca1/2	NA	Del:1	Del:1	Del:1	Het:2	Del:1	Del:1	Del:1	NA:NA	Del:1	Het:2	Het:2
MAGIC	MAGIC68	0.83	0.8666	0	0	0	HR_proficient	none	0.00499367041305016	0.14591190733410414	0	5	4	4	13	0	0	985	0	0	285	negative_brca1/2	NA	NA	NA	NA	HRP	NA	negative_brca1/2	NA	Gain:4	Gain:4	Del:1	Gain:3	Gain:3	Gain:3	Gain:4	NA:NA	Gain:4	Gain:3	cnLOH:2
MAGIC	MAGIC112	0.44	2.2	0	0	0	HR_proficient	none	0.19245150126114327	0.37034393203005694	0	21	29	18	68	0	0	1074	0	0	312	negative_brca1/2	NA	NA	NA	NA	HRP	NA	negative_brca1/2	NA	cnLOH:2	Gain:4	cnLOH:2	cnLOH:2	cnLOH:2	cnLOH:2	Gain:4	NA:NA	cnLOH:2	cnLOH:2	cnLOH:2
MAGIC	MAGIC115	0.84	0.9333	0	0	0	HR_proficient	none	4.638364332625516e-4	0.15609624685718965	0	2	7	0	9	0	0	775	0	0	263	negative_brca1/2	NA	NA	NA	NA	HRP	NA	negative_brca1/2	NA	Gain:5	Gain:4	Gain:4	Gain:4	Gain:4	Gain:5	Gain:4	NA:NA	Gain:4	Gain:4	cnLOH:2
MAGIC	MAGIC8	0.3	1	0.004	0.002	0.002	HR_proficient	none	3.7014026929389505e-4	0.1254078604906546	0	0	0	2	2	0	1	997	0	0	322	exclude	NA	NA	NA	c.*4884G>A(TP53)	HRP	NA	exclude	NA	Het:2	Het:2	Het:2	Het:2	Het:2	Het:2	Het:2	NA:NA	Het:2	Het:2	Het:2
MAGIC	MAGIC24	0.45	0.5	0.002	0	0.002	HR_proficient	none	0.00521405803489805	0.22478301667873657	0	14	12	8	34	0	1	993	0	0	273	exclude	NA	NA	NA	c.-693G>A(BARD1)	HRP	NA	exclude	NA	Del:1	Del:1	Del:1	Del:1	Gain:3	Del:1	Het:2	NA:NA	cnLOH:2	Del:1	Del:1
MAGIC	MAGIC65	0.63	0.8	0	0	0	HR_proficient	none	0.0038910133688192	0.11049349843221272	0	7	12	6	25	0	0	851	0	0	127	negative_brca1/2	NA	NA	NA	NA	HRP	NA	negative_brca1/2	NA	cnLOH:2	Het:2	Het:2	Het:2	cnLOH:2	Del:1	Het:2	NA:NA	cnLOH:2	cnLOH:2	Del:1
MAGIC	MAGIC43	0.42	0.7	0	0	0	HR_proficient	none	1.0192921069570775e-4	0	0	1	6	2	9	1	0	897	0	0	162	exclude	NA	NA	c.1904-518C>G[10:13|8:15](BARD1)	NA	HRP	NA	exclude	NA	Gain:4	Gain:4	Gain:4	Gain:4	Gain:4	Gain:4	HighGain:6	NA:NA	Gain:4	Gain:4	Gain:4
MAGIC	MAGIC70	0.63	2.0333	0	0	0	HR_proficient	none	0.03564415507598047	0.16929440003576085	0	15	19	14	48	0	0	999	0	1	185	additional_brca1	NA	c.-2775_-2773dupTTT(BRCA1)	NA	NA	HRP	NA	additional_brca1	NA	cnLOH:2	Gain:5	cnLOH:2	Gain:3	cnLOH:2	Het:2	Gain:3	NA:NA	cnLOH:2	cnLOH:2	cnLOH:2
MAGIC	MAGIC106	0.26	0.4333	0	0	0	HR_proficient	none	2.9374221092642983e-5	0	0	2	8	6	16	0	0	923	0	0	310	negative_brca1/2	NA	NA	NA	NA	HRP	NA	negative_brca1/2	NA	Gain:4	Het:2	Het:2	Gain:4	Gain:4	Gain:4	Gain:4	NA:NA	Gain:4	Gain:4	Het:2
MAGIC	MAGIC56	1	0.1333	0	0	0	HR_proficient	none	1.5383583828025006e-5	0	0	0	0	0	0	0	0	793	0	0	300	negative_brca1/2	NA	NA	NA	NA	HRP	NA	negative_brca1/2	NA	Het:2	Het:2	Het:2	Het:2	Het:2	Het:2	Het:2	NA:NA	Het:2	Het:2	Het:2
MAGIC	MAGIC74	1	0.2666	0.002	0	0.002	HR_proficient	none	4.6002393810452895e-4	0.2990208581838162	0	0	2	1	3	0	0	853	0	0	121	negative_brca1/2	NA	NA	NA	NA	HRP	NA	negative_brca1/2	NA	Het:2	Het:2	Het:2	Het:2	Het:2	Het:2	Het:2	NA:NA	Het:2	Het:2	Het:2
MAGIC	MAGIC53	0.38	0.8	0	0	0	HR_proficient	none	1.0413873041134133e-4	0	0	1	4	3	8	0	0	988	0	0	323	negative_brca1/2	NA	NA	NA	NA	HRP	NA	negative_brca1/2	NA	Gain:4	Gain:4	Gain:4	Gain:4	Gain:4	Het:2	HighGain:6	NA:NA	Gain:4	Gain:4	Gain:4
MAGIC	MAGIC78	0.56	0.1	0	0	0	HR_proficient	none	4.050855851685152e-4	0.2697761558394274	0	2	1	3	6	0	1	883	0	0	256	exclude	NA	NA	NA	c.*8401C>A(BRIP1)	HRP	NA	exclude	NA	Het:2	Het:2	Het:2	Het:2	Het:2	Het:2	Het:2	NA:NA	Het:2	Het:2	Het:2
MAGIC	MAGIC13	0.61	3.3	0.892	0.138	0.754	HR_deficient	BRCA2_type	0.9268577875748087	0.2949348924503473	0.34032027891867117	15	33	28	76	0	0	848	0	0	249	negative_brca1/2	NA	NA	NA	NA	HRD	NA	negative_brca1/2	PALB2.c.3471_3472insG.Frame_Shift_INS	Gain:5	cnLOH:2	Del:1	Gain:3	HighGain:7	Gain:5	Gain:3	NA:NA	HighGain:7	Gain:5	cnLOH:2
MAGIC	MAGIC30	0.86	0.7666	0	0	0	HR_proficient	none	7.101129263281817e-5	0	0	1	2	0	3	1	1	944	0	1	126	exclude	NA	c.-4266A>G(BRCA1)	c.793G>A[22:29|15:11](RAD51D)	c.-4710G>A(BARD1)	HRP	NA	exclude	NA	Het:2	Het:2	Het:2	Het:2	Het:2	Het:2	Het:2	NA:NA	Het:2	Het:2	Het:2
MAGIC	MAGIC99	0.6	0.6333	0	0	0	HR_proficient	none	2.4468568755338295e-4	0	0	9	10	10	29	0	0	963	0	0	79	negative_brca1/2	NA	NA	NA	NA	HRP	NA	negative_brca1/2	NA	Het:2	Het:2	Del:1	Het:2	Het:2	Het:2	Het:2	NA:NA	Het:2	Het:2	Het:2
MAGIC	MAGIC11	0.41	0.3333	0.002	0	0.002	HR_proficient	none	1.0244691943766328e-4	0.11889520477764332	0	1	0	4	5	0	0	785	0	1	173	additional_brca2	NA	c.*1021T>C(BRCA2)	NA	NA	HRP	NA	additional_brca2	NA	Gain:3	Het:2	Het:2	Het:2	Gain:3	Het:2	Het:2	NA:NA	Het:2	Het:2	Het:2
MAGIC	MAGIC10	0.54	3.2333	0.002	0	0.002	HR_proficient	none	0.00118365767685008	0.093422937953171	0	2	15	2	19	0	0	989	0	0	327	negative_brca1/2	NA	NA	NA	NA	HRP	NA	negative_brca1/2	NA	cnLOH:2	Gain:4	Gain:4	cnLOH:2	cnLOH:2	cnLOH:2	Gain:4	NA:NA	cnLOH:2	cnLOH:2	cnLOH:2
MAGIC	MAGIC6	1	0.2	0	0	0	HR_proficient	none	1.6500794311903407e-4	0.3512323020323835	0	0	0	2	2	0	0	1012	0	0	309	negative_brca1/2	NA	NA	NA	NA	HRP	NA	negative_brca1/2	NA	Het:2	Het:2	Het:2	Het:2	Het:2	Het:2	Het:2	NA:NA	Het:2	Het:2	Het:2
MAGIC	MAGIC16	0.62	1.3	0	0	0	HR_proficient	none	1.4352693507704563e-4	0	0	7	25	9	41	0	0	872	0	0	279	negative_brca1/2	NA	NA	NA	NA	HRP	NA	negative_brca1/2	NA	Gain:5	Gain:4	cnLOH:2	cnLOH:2	Gain:5	Gain:3	Gain:4	NA:NA	HighGain:6	Gain:5	cnLOH:2
MAGIC	MAGIC110	0.42	0.8333	0	0	0	HR_proficient	none	0.0024281120101337602	0.11050149071855923	0	7	21	15	43	0	1	891	0	0	263	exclude	NA	NA	NA	c.-1861_-1860insAAGTAACCACCGCAAAGGTTCGTCGTGACCGCATGGGCCACATCGAGCTTGCTGCTCCTGTAAGCCACATCTGGTACTTCAAGAGCCCAACCAGCTTCCCTCTGGCACGTCTTCTTGATAT(CHEK2)	HRP	NA	exclude	NA	Gain:3	Gain:4	Gain:4	Gain:5	Gain:3	Gain:5	Gain:5	NA:NA	Gain:3	HighGain:21	Gain:3
MAGIC	MAGIC15	0.28	0.6666	0	0	0	HR_proficient	none	0.00145198303041691	0.1895861849526392	0	3	8	14	25	0	1	716	0	1	86	additional_brca1	NA	c.-60C>T(BRCA1)	NA	c.-2572delA(RAD51D)	HRP	NA	additional_brca1	NA	cnLOH:2	Gain:4	Het:2	Het:2	Gain:4	Gain:4	Gain:4	NA:NA	Gain:4	HighGain:25	cnLOH:2
MAGIC	MAGIC83	0.53	0.8	0	0	0	HR_proficient	none	0.00221639179880408	0.21441098566077835	0	4	7	5	16	0	0	831	0	0	133	negative_brca1/2	NA	NA	NA	NA	HRP	NA	negative_brca1/2	NA	Del:1	Het:2	Het:2	Het:2	Del:1	Del:1	Het:2	NA:NA	Del:1	Del:1	Del:1
MAGIC	MAGIC46	0.59	1.3333	0.726	0.146	0.58	HR_deficient	BRCA2_type	0.969660204652155	0.5212348646485452	0	27	28	21	76	0	1	688	1	0	323	positive_brca2	c.6990_6994delTACCT[14:16|1:3](BRCA2)	NA	NA	c.*3828G>A(RAD51C)	HRD	NA	positive_brca2	NA	Gain:3	Del:1	Het:2	cnLOH:2	Gain:4	Het:2	Het:2	NA:NA	Gain:5	Het:2	Del:1
MAGIC	MAGIC87	0.62	1.9333	0	0	0	HR_proficient	none	0.03990752948049779	0.104470302151176	0	10	6	14	30	0	1	963	0	0	133	exclude	NA	NA	NA	c.-4792T>G(TP53)	HRP	NA	exclude	NA	Del:1	Het:2	Del:1	Het:2	Del:1	Het:2	Het:2	NA:NA	Del:1	Del:1	Del:1
MAGIC	MAGIC118	0.62	1.2666	0	0	0	HR_proficient	none	0.00246095207594031	0.22449323543131747	0	11	6	6	23	0	0	922	0	0	130	negative_brca1/2	NA	NA	NA	NA	HRP	NA	negative_brca1/2	NA	Het:2	Del:1	Het:2	Het:2	Het:2	Del:1	Het:2	NA:NA	Gain:3	Het:2	Del:1
MAGIC	MAGIC94	1	0.2666	0	0	0	HR_proficient	none	1.0671316342784386e-4	0.16088797990551987	0	0	2	3	5	1	1	1096	0	0	272	exclude	NA	NA	c.5573G>A[10:17|4:2](ATM)	c.-4989C>T(RAD51C)	HRP	NA	exclude	NA	Het:2	Het:2	Het:2	Het:2	Het:2	Het:2	Het:2	NA:NA	Het:2	Het:2	Het:2
MAGIC	MAGIC28	0.81	0.5333	0	0	0	HR_proficient	none	0.00264710704379474	0.16453012627157534	0	2	2	4	8	0	1	949	0	0	267	exclude	NA	NA	NA	c.*3302C>T(PTEN)	HRP	NA	exclude	NA	Het:2	Het:2	Del:1	Het:2	Het:2	Het:2	Het:2	NA:NA	Het:2	Het:2	Het:2
MAGIC	MAGIC105	0.3	0.7666	0	0	0	HR_proficient	none	0.00207856770140898	0.17612619660666734	0	4	23	18	45	0	1	975	0	0	98	exclude	NA	NA	NA	c.*6188G>T(RAD51C)	HRP	NA	exclude	NA	Gain:3	Gain:4	cnLOH:2	Gain:4	Gain:4	Gain:4	Gain:3	NA:NA	Gain:4	Gain:4	cnLOH:2
MAGIC	MAGIC82	1	0.3333	0	0	0	HR_proficient	none	3.3445720783315434e-6	0	0	0	2	2	4	0	0	859	0	0	155	negative_brca1/2	NA	NA	NA	NA	HRP	NA	negative_brca1/2	NA	Het:2	Het:2	Het:2	Het:2	Het:2	Het:2	Het:2	NA:NA	Het:2	Het:2	Het:2
MAGIC	MAGIC9	1	0.5666	0	0	0	HR_proficient	none	1.0653339824664512e-5	0	0	1	1	1	3	0	0	995	0	0	312	negative_brca1/2	NA	NA	NA	NA	HRP	NA	negative_brca1/2	NA	Het:2	Het:2	Het:2	Het:2	Het:2	Het:2	Het:2	NA:NA	Het:2	Het:2	Het:2
MAGIC	MAGIC135	0.56	1.8666	0	0	0	HR_proficient	none	0.01814490184680679	0.1973308667457565	0	21	24	21	66	0	2	991	0	0	140	exclude	NA	NA	NA	c.*3445C>T(TP53);c.-1505A>G(PALB2)	HRP	NA	exclude	NA	cnLOH:2	Gain:4	Del:1	Gain:3	cnLOH:2	Het:2	Gain:3	NA:NA	cnLOH:2	cnLOH:2	cnLOH:2
MAGIC	MAGIC119	0.63	0.5	0	0	0	HR_proficient	none	6.701076956486746e-4	0.2585243513529662	0	2	2	2	6	0	1	935	0	0	303	exclude	NA	NA	NA	c.-217A>C(CHEK2)	HRP	NA	exclude	NA	Het:2	Het:2	Het:2	Het:2	Het:2	Het:2	Het:2	NA:NA	Het:2	Het:2	Het:2
MAGIC	MAGIC61	0.99	0.8333	0	0	0	HR_proficient	none	2.5354297910171013e-4	0	0	6	6	5	17	0	1	974	0	0	258	exclude	NA	NA	NA	c.*11132T>C(PTEN)	HRP	NA	exclude	NA	Gain:4	Het:2	Het:2	Het:2	Gain:4	Het:2	Gain:4	NA:NA	Gain:4	Gain:4	Del:1
MAGIC	MAGIC29	1	0.4666	0	0	0	HR_proficient	none	8.209567323930032e-4	0.21990174505074417	0	0	1	1	2	0	1	988	0	0	123	exclude	NA	NA	NA	c.*4193C>A(TP53)	HRP	NA	exclude	NA	Het:2	Het:2	Het:2	Het:2	Het:2	Het:2	Het:2	NA:NA	Het:2	Het:2	Het:2
MAGIC	MAGIC57	0.59	1.5666	0.002	0	0.002	HR_proficient	none	3.4408804665262246e-4	0	0	10	9	9	28	0	1	890	0	0	318	exclude	NA	NA	NA	c.-3403_-3402insG(BARD1)	HRP	NA	exclude	BRCA2.c.3490C>G.Missense_Mutation	Del:1	Del:1	Het:2	Het:2	Del:1	Del:1	Del:1	NA:NA	Del:1	HighGain:7	Del:1
MAGIC	MAGIC73	0.82	2.9	0.8079999999999999	0.084	0.724	HR_deficient	BRCA2_type	0.986846113982944	0.3870681976632658	0.27725295738351385	17	24	19	60	0	0	963	0	0	91	negative_brca1/2	NA	NA	NA	NA	HRD	NA	negative_brca1/2	NA	cnLOH:2	cnLOH:2	cnLOH:2	Gain:3	Gain:4	cnLOH:2	Gain:4	NA:NA	Gain:4	cnLOH:2	cnLOH:2
MAGIC	MAGIC120	0.41	0.5	0.002	0	0.002	HR_proficient	none	0.0093944374301533	0.21805160133506735	0	8	4	8	20	0	0	909	0	0	141	negative_brca1/2	NA	NA	NA	NA	HRP	NA	negative_brca1/2	NA	Het:2	Het:2	Het:2	Het:2	Gain:3	Het:2	Het:2	NA:NA	Gain:3	Het:2	Del:1
MAGIC	MAGIC131	0.87	1.2	0	0	0	HR_proficient	none	0.00259462295083573	0.12050243665416188	0	6	8	4	18	1	0	972	0	0	263	exclude	NA	NA	c.170G>A[12:10|0:9](ATM)	NA	HRP	NA	exclude	NA	Gain:3	Del:1	Del:1	Het:2	Gain:3	Het:2	Gain:3	NA:NA	Gain:3	Gain:3	Del:1
MAGIC	MAGIC134	0.33	0.9	0	0	0	HR_proficient	none	7.280135507772742e-4	0.2797304298454013	0	0	11	4	15	0	0	847	0	0	334	negative_brca1/2	NA	NA	NA	NA	HRP	NA	negative_brca1/2	NA	Het:2	Het:2	Het:2	Het:2	Het:2	Gain:3	Het:2	NA:NA	Het:2	Het:2	Het:2
MAGIC	MAGIC103	0.4	1.5666	0.962	0.954	0.008	HR_deficient	cannot_be_determined	0.949895578390476	0.6521889231676715	0	27	29	32	88	0	1	947	0	0	257	exclude	NA	NA	NA	c.*1099delT(PTEN)	HRD	NA	exclude	BRCA1.c.2683_2686delCAAA.Frame_Shift_DEL	Het:2	Del:1	Het:2	Het:2	cnLOH:2	Het:2	Het:2	NA:NA	cnLOH:2	Het:2	Het:2
MAGIC	MAGIC91	0.76	0.6	0	0	0	HR_proficient	none	6.500165293001092e-5	0	0	7	9	2	18	0	0	905	0	0	115	negative_brca1/2	NA	NA	NA	NA	HRP	NA	negative_brca1/2	NA	Het:2	Del:1	Del:1	Het:2	Het:2	Het:2	Het:2	NA:NA	Het:2	Het:2	Del:1
MAGIC	MAGIC45	0.58	0.6	0	0	0	HR_proficient	none	0.00132490476320028	0.25711482046357353	0	2	0	2	4	0	0	782	0	0	100	negative_brca1/2	NA	NA	NA	NA	HRP	NA	negative_brca1/2	NA	Het:2	Het:2	Het:2	Het:2	Het:2	Het:2	Het:2	NA:NA	Het:2	Het:2	Het:2
MAGIC	MAGIC66	0.55	0.4666	0	0	0	HR_proficient	none	1.7390744339462923e-4	0	0	2	0	3	5	0	1	852	0	0	68	exclude	NA	NA	NA	c.-2591G>A(ATM)	HRP	NA	exclude	NA	Het:2	Het:2	Het:2	Het:2	Het:2	Het:2	Het:2	NA:NA	Het:2	Het:2	Het:2
MAGIC	MAGIC39	0.62	0.8	0	0	0	HR_proficient	none	0.00460262343723364	0.15649191531245243	0	14	11	12	37	0	0	1002	0	0	318	negative_brca1/2	NA	NA	NA	NA	HRP	NA	negative_brca1/2	NA	Het:2	Del:1	Del:1	Del:1	Gain:3	Het:2	Het:2	NA:NA	Gain:3	Het:2	Del:1
MAGIC	MAGIC98	0.5	0.5333	0	0	0	HR_proficient	none	7.486257523678019e-4	0.25588929612060834	0	1	0	1	2	1	4	881	0	0	99	exclude	NA	NA	c.1372G>T[12:10|9:10](BARD1)	c.*212C>T(TP53);c.-3403_-3402insG(BARD1);c.*11648G>A(RAD51D);c.*5390C>G(RAD51C)	HRP	NA	exclude	NA	Het:2	Het:2	Het:2	Het:2	Het:2	Het:2	Het:2	NA:NA	Het:2	Het:2	Het:2
MAGIC	MAGIC101	1	0.1666	0	0	0	HR_proficient	none	4.3287121908434586e-4	0.21991624406448493	0	0	1	3	4	1	0	939	0	0	126	exclude	NA	NA	c.-31+3A>T[18:26|20:27](ATM)	NA	HRP	NA	exclude	NA	Het:2	Het:2	Het:2	Het:2	Gain:3	Het:2	Het:2	NA:NA	Gain:3	Gain:3	Het:2
MAGIC	MAGIC49	0.63	0.5	0	0	0	HR_proficient	none	9.636588204868363e-5	0	0	4	3	1	8	0	1	880	0	0	251	exclude	NA	NA	NA	c.-5119C>G(BRIP1)	HRP	NA	exclude	NA	Het:2	Het:2	Het:2	Het:2	Het:2	Het:2	Het:2	NA:NA	Het:2	Het:2	Het:2
MAGIC	MAGIC55	1	2.3666	0.002	0	0.002	HR_proficient	none	4.299827457222939e-4	0.0792635294675621	0	1	6	4	11	0	1	1065	0	0	152	exclude	NA	NA	NA	c.-326G>A(TP53)	HRP	NA	exclude	NA	Het:2	Het:2	Gain:3	Het:2	Het:2	Het:2	Het:2	NA:NA	Het:2	Gain:3	Het:2
MAGIC	MAGIC50	0.39	1.0333	0.002	0	0.002	HR_proficient	none	0.02123415122150333	0.31525970464901354	0	12	20	12	44	0	0	1008	0	0	176	negative_brca1/2	NA	NA	NA	NA	HRP	NA	negative_brca1/2	NA	cnLOH:2	Het:2	cnLOH:2	Gain:3	cnLOH:2	Gain:3	cnLOH:2	NA:NA	cnLOH:2	cnLOH:2	Gain:3
MAGIC	MAGIC111	0.56	2.3	0.318	0.304	0.014	HR_proficient	none	0.9089603790629414	0.38585788726959175	0	25	24	26	75	0	1	1034	0	0	151	exclude	NA	NA	NA	c.*7499G>C(BRIP1)	Inconsistent	NA	exclude	NA	Del:0	Gain:3	Het:2	Del:1	cnLOH:2	Gain:3	Het:2	NA:NA	Del:1	Del:1	Del:1
MAGIC	MAGIC69	0.29	0.9666	0.8140000000000001	0.476	0.338	HR_deficient	cannot_be_determined	0.8945999083435038	0.4151913264784969	0	8	10	19	37	0	0	927	0	0	270	negative_brca1/2	NA	NA	NA	NA	HRD	NA	negative_brca1/2	NA	HighGain:6	Gain:4	Het:2	Gain:4	HighGain:10	Het:2	Gain:4	NA:NA	HighGain:10	HighGain:6	cnLOH:2
MAGIC	MAGIC27	0.7	1.2666	0	0	0	HR_proficient	none	2.9080946017910527e-4	0	0	8	13	14	35	0	0	939	0	0	80	negative_brca1/2	NA	NA	NA	NA	HRP	NA	negative_brca1/2	NA	Del:1	Gain:3	Del:1	Het:2	cnLOH:2	Del:1	Gain:3	NA:NA	cnLOH:2	cnLOH:2	cnLOH:2
MAGIC	MAGIC127	0.62	0.5333	0	0	0	HR_proficient	none	2.676919028006275e-4	0	0	6	11	8	25	0	1	944	0	0	149	exclude	NA	NA	NA	c.-3910delC(ATM)	HRP	NA	exclude	NA	Het:2	Het:2	Del:1	Gain:3	Het:2	Het:2	Het:2	NA:NA	Het:2	Het:2	Del:1
MAGIC	MAGIC71	0.28	0.6	0.004	0	0.004	HR_proficient	none	6.334585851609026e-5	0	0.12077825026983392	0	2	1	3	0	1	784	0	0	74	exclude	NA	NA	NA	c.*2396T>C(CHEK2)	HRP	NA	exclude	NA	Het:2	Het:2	Het:2	Het:2	Het:2	Het:2	Het:2	NA:NA	Het:2	Het:2	Het:2
MAGIC	MAGIC12	0.79	0.6333	0	0	0	HR_proficient	none	0.00192281583451186	0.1961787730291298	0	6	8	6	20	0	0	941	0	0	75	negative_brca1/2	NA	NA	NA	NA	HRP	NA	negative_brca1/2	NA	Gain:3	Del:1	Del:1	Het:2	Gain:4	Het:2	Gain:4	NA:NA	Gain:3	Gain:3	Del:1
MAGIC	MAGIC84	0.8	0.5	0	0	0	HR_proficient	none	5.278013356190957e-4	0	0	5	10	4	19	0	0	946	0	0	306	negative_brca1/2	NA	NA	NA	NA	HRP	NA	negative_brca1/2	NA	Het:2	Del:1	Het:2	Het:2	Het:2	Het:2	Gain:3	NA:NA	Het:2	Het:2	Del:1
MAGIC	MAGIC17	0.61	0.6	0	0	0	HR_proficient	none	2.383527608367716e-5	0	0.1327081338738942	4	4	4	12	1	0	1006	0	0	309	exclude	NA	NA	c.1100delC[14:13|7:21](CHEK2)	NA	HRP	NA	exclude	NA	Del:1	Het:2	Het:2	Het:2	Del:1	Del:1	Gain:3	NA:NA	Del:1	Del:1	Del:1
MAGIC	MAGIC60	1	0.7666	0	0	0	HR_proficient	none	4.0373802364142736e-4	0.18114810952989088	0	0	0	1	1	0	0	817	0	0	256	negative_brca1/2	NA	NA	NA	NA	HRP	NA	negative_brca1/2	NA	Het:2	Het:2	Het:2	Het:2	Het:2	Het:2	Gain:3	NA:NA	Het:2	Het:2	Het:2
MAGIC	MAGIC52	0.78	0.9	0	0	0	HR_proficient	none	8.561131442892364e-5	0	0	1	2	1	4	0	0	961	0	0	118	negative_brca1/2	NA	NA	NA	NA	HRP	NA	negative_brca1/2	NA	Het:2	Het:2	Het:2	Het:2	Het:2	Het:2	Gain:3	NA:NA	Het:2	Het:2	Het:2
MAGIC	MAGIC1	0.46	0.0333	0.002	0	0.002	HR_proficient	none	9.020542379518287e-5	0.32087054792348263	0	1	5	1	7	0	0	1016	0	0	83	negative_brca1/2	NA	NA	NA	NA	HRP	NA	negative_brca1/2	NA	Het:2	Het:2	Het:2	Het:2	Het:2	Het:2	Het:2	NA:NA	Het:2	Het:2	Het:2
MAGIC	MAGIC136	0.38	1.2666	0	0	0	HR_proficient	none	0.00872883067328185	0.2061624930897283	0	18	18	23	59	0	2	962	0	0	331	exclude	NA	NA	NA	c.-1649C>A(BARD1);c.*9205_*9206insT(RAD51D)	HRP	NA	exclude	NA	Del:1	Het:2	Del:1	Het:2	HighGain:10	Del:1	cnLOH:2	NA:NA	HighGain:7	Del:1	Del:1
MAGIC	MAGIC19	0.49	0.5333	0	0	0	HR_proficient	none	7.87046639392917e-5	0	0	3	3	5	11	0	0	954	0	0	287	negative_brca1/2	NA	NA	NA	NA	HRP	NA	negative_brca1/2	NA	Het:2	Het:2	Het:2	Het:2	Het:2	Het:2	Gain:4	NA:NA	Het:2	Het:2	Het:2
MAGIC	MAGIC75	0.63	0.8	0	0	0	HR_proficient	none	0.01091899520445015	0.20069069724808355	0	7	12	11	30	0	0	960	0	0	124	negative_brca1/2	NA	NA	NA	NA	HRP	NA	negative_brca1/2	NA	Gain:3	cnLOH:2	Gain:3	Gain:3	Gain:3	Het:2	Gain:5	NA:NA	Het:2	Gain:3	Gain:3
MAGIC	MAGIC14	0.4	0.2	0	0	0	HR_proficient	none	8.847370767767742e-4	0.16816428134396516	0	1	0	1	2	0	0	949	0	0	281	negative_brca1/2	NA	NA	NA	NA	HRP	NA	negative_brca1/2	NA	Het:2	Het:2	Het:2	Het:2	Het:2	Het:2	Het:2	NA:NA	Het:2	Het:2	Het:2
MAGIC	MAGIC48	0.33	0.5333	0	0	0	HR_proficient	none	0.00123342051066292	0.15883635797539974	0	1	3	1	5	0	2	936	0	1	150	additional_brca2	NA	c.-1998G>C(BRCA2)	NA	c.*8052A>G(PTEN);c.*2538T>C(CHEK2)	HRP	NA	additional_brca2	NA	Gain:4	Het:2	cnLOH:2	Gain:4	Gain:4	Gain:4	Gain:4	NA:NA	Gain:4	Gain:4	Gain:4
MAGIC	MAGIC40	0.69	1.3333	0	0	0	HR_proficient	none	5.758593018123925e-5	0	0	2	3	3	8	0	0	950	0	0	121	negative_brca1/2	NA	NA	NA	NA	HRP	NA	negative_brca1/2	NA	Het:2	Het:2	Het:2	Het:2	Het:2	Del:1	Gain:5	NA:NA	Het:2	Het:2	Het:2
MAGIC	MAGIC129	1	0.6666	0	0	0	HR_proficient	none	5.614488883899563e-5	0	0	0	2	0	2	0	0	961	0	0	299	negative_brca1/2	NA	NA	NA	NA	HRP	NA	negative_brca1/2	NA	Het:2	Het:2	Het:2	Het:2	Het:2	Het:2	Het:2	NA:NA	Het:2	Het:2	Het:2
MAGIC	MAGIC5	0.43	0.7333	0	0	0	HR_proficient	none	0.00156546865421079	0.15356439571730998	0	4	7	5	16	0	0	753	0	0	134	negative_brca1/2	NA	NA	NA	NA	HRP	NA	negative_brca1/2	NA	Gain:4	Gain:4	cnLOH:2	Gain:4	Gain:4	Gain:4	Gain:4	NA:NA	Gain:4	Gain:4	Gain:4
MAGIC	MAGIC62	1	0.3333	0	0	0	HR_proficient	none	1.3489844887576392e-4	0.1447501272149223	0	0	0	1	1	0	1	953	0	0	267	exclude	NA	NA	NA	c.*7412A>G(BRIP1)	HRP	NA	exclude	NA	Het:2	Het:2	Het:2	Het:2	Gain:3	Het:2	Gain:3	NA:NA	Gain:4	Het:2	Het:2
MAGIC	MAGIC63	0.36	0.4333	0	0	0	HR_proficient	none	6.058944205662985e-4	0.15209397524533597	0	4	9	2	15	0	0	923	0	0	283	negative_brca1/2	NA	NA	NA	NA	HRP	NA	negative_brca1/2	NA	Het:2	Het:2	Het:2	Het:2	Het:2	Het:2	Gain:4	NA:NA	Del:1	Het:2	Het:2
MAGIC	MAGIC126	0.89	0.9666	0	0	0	HR_proficient	none	5.372093754978679e-5	0	0	0	0	2	2	0	0	908	0	0	88	negative_brca1/2	NA	NA	NA	NA	HRP	NA	negative_brca1/2	NA	Het:2	Het:2	Het:2	Het:2	Het:2	Del:1	Het:2	NA:NA	Het:2	Het:2	Het:2
MAGIC	MAGIC59	0.62	2	0.932	0.91	0.022	HR_deficient	BRCA1_type	0.99523817934528	0.6032950475583511	0	26	26	32	84	0	1	867	0	0	109	exclude	NA	NA	NA	c.*4404G>A(BRIP1)	HRD	NA	exclude	NA	cnLOH:2	Del:1	Del:1	Del:1	Del:1	Het:2	Het:2	NA:NA	Del:1	Del:1	Del:1
MAGIC	MAGIC96	0.72	0.9666	0	0	0	HR_proficient	none	0.00104440881530508	0	0	9	11	8	28	0	1	903	0	0	235	exclude	NA	NA	NA	c.-4418C>T(RAD51D)	HRP	NA	exclude	NA	Het:2	Het:2	Het:2	Het:2	Het:2	Del:1	Gain:3	NA:NA	Het:2	Het:2	Del:1
MAGIC	MAGIC95	0.52	0.6666	0	0	0	HR_proficient	none	0.00229410597734594	0.22081887841332443	0	10	16	7	33	1	0	901	0	0	288	exclude	NA	NA	c.1065+480T>G[15:15|16:7](ATM)	NA	HRP	NA	exclude	NA	Del:1	Het:2	Het:2	Het:2	Del:1	Het:2	Het:2	NA:NA	Del:1	Gain:3	Del:1
MAGIC	MAGIC86	0.58	1	0	0	0	HR_proficient	none	0.00334992087760918	0.1747148570859586	0	11	10	4	25	0	1	1011	0	0	157	exclude	NA	NA	NA	c.-2500A>G(RAD51D)	HRP	NA	exclude	NA	Del:1	Het:2	Del:1	Het:2	Gain:4	Del:1	Het:2	NA:NA	HighGain:9	Del:1	Del:1
MAGIC	MAGIC34	0.57	0.6333	0	0	0	HR_proficient	none	1.4917194274505352e-4	0	0	4	2	5	11	0	0	906	0	0	72	negative_brca1/2	NA	NA	NA	NA	HRP	NA	negative_brca1/2	NA	Del:1	Del:1	Het:2	Het:2	Gain:4	Het:2	Het:2	NA:NA	Gain:4	Del:1	Del:1
MAGIC	MAGIC23	0.71	1.6	0.002	0	0.002	HR_proficient	none	0.00613791156907352	0.2304028168188146	0.12741308636557247	16	13	4	33	0	0	954	0	0	305	negative_brca1/2	NA	NA	NA	NA	HRP	NA	negative_brca1/2	NA	Del:1	Del:1	Del:1	Het:2	Het:2	Het:2	Het:2	NA:NA	Het:2	Del:1	Del:1
MAGIC	MAGIC4	0.51	0.2	0	0	0	HR_proficient	none	5.724147236807729e-4	0.22262344616814553	0	4	5	1	10	0	0	876	0	0	125	negative_brca1/2	NA	NA	NA	NA	HRP	NA	negative_brca1/2	NA	Het:2	Het:2	Del:1	Het:2	Het:2	Del:1	Gain:3	NA:NA	Het:2	Het:2	Het:2
MAGIC	MAGIC79	0.59	3.7	0.958	0.9	0.058	HR_deficient	BRCA1_type	0.9952495249541368	0.4418615581703107	0.40147502616201586	19	28	31	78	0	0	1040	0	0	335	negative_brca1/2	NA	NA	NA	NA	HRD	NA	negative_brca1/2	NA	Gain:3	Gain:5	Gain:4	cnLOH:2	Gain:3	Gain:4	Gain:4	NA:NA	Gain:4	Gain:3	Gain:3
MAGIC	MAGIC117	0.41	0.4	0	0	0	HR_proficient	none	2.8381755281643245e-4	0.18766136428343477	0	4	16	3	23	0	0	846	0	0	300	negative_brca1/2	NA	NA	NA	NA	HRP	NA	negative_brca1/2	NA	Gain:4	HighGain:6	Gain:4	HighGain:6	Gain:4	Gain:4	HighGain:6	NA:NA	Gain:4	Gain:4	Gain:4
MAGIC	MAGIC102	0.73	0.5333	0	0	0	HR_proficient	none	8.219982892981002e-5	0	0	6	5	5	16	0	1	980	0	0	287	exclude	NA	NA	NA	c.*4193C>A(TP53)	HRP	NA	exclude	NA	Het:2	cnLOH:2	Het:2	Het:2	Het:2	Del:1	Gain:3	NA:NA	Het:2	Het:2	Het:2
MAGIC	MAGIC21	1	0.1333	0	0	0	HR_proficient	none	1.7483220637633457e-4	0.16846998174454528	0	0	1	0	1	0	1	810	0	0	284	exclude	NA	NA	NA	c.-2656G>C(RAD51D)	HRP	NA	exclude	NA	Het:2	Het:2	Het:2	Het:2	Het:2	Het:2	Het:2	NA:NA	Het:2	Het:2	Het:2
MAGIC	MAGIC33	0.45	0.6333	0	0	0	HR_proficient	none	6.377989237494518e-5	0	0	4	7	2	13	0	1	1010	0	0	120	exclude	NA	NA	NA	c.*1726C>G(CHEK2)	HRP	NA	exclude	NA	Gain:4	Gain:4	Gain:4	Gain:4	Gain:4	Gain:4	Gain:4	NA:NA	Gain:4	Gain:4	cnLOH:2
MAGIC	MAGIC67	0.33	0.5333	0.002	0	0.002	HR_proficient	none	8.370259177640694e-4	0.15373463657449005	0	3	4	3	10	0	0	1003	0	0	151	negative_brca1/2	NA	NA	NA	NA	HRP	NA	negative_brca1/2	NA	Gain:5	Gain:4	Gain:4	Gain:4	Gain:5	Gain:4	HighGain:6	NA:NA	Gain:5	Gain:5	cnLOH:2
MAGIC	MAGIC20	0.45	0.9	0	0	0	HR_proficient	none	0.00740635399240298	0.17430389810632696	0	14	16	16	46	0	0	936	0	0	316	negative_brca1/2	NA	NA	NA	NA	HRP	NA	negative_brca1/2	NA	Gain:3	Gain:3	Het:2	cnLOH:2	Gain:4	Del:1	Gain:4	NA:NA	Gain:4	Gain:3	Del:1
MAGIC	MAGIC113	0.53	0.4666	0	0	0	HR_proficient	none	4.8721850056541793e-4	0.3028997889124686	0	1	3	5	9	0	0	887	0	0	115	negative_brca1/2	NA	NA	NA	NA	HRP	NA	negative_brca1/2	NA	Het:2	Het:2	Het:2	Het:2	Het:2	Het:2	Het:2	NA:NA	Het:2	Het:2	Het:2
MAGIC	MAGIC51	0.59	1.1333	0	0	0	HR_proficient	none	1.8790587170994648e-4	0	0	17	17	7	41	0	1	810	0	0	132	exclude	NA	NA	NA	c.*1681A>G(RAD51C)	HRP	NA	exclude	NA	cnLOH:2	Del:1	Gain:4	Het:2	Gain:5	Het:2	Het:2	NA:NA	cnLOH:2	Del:1	Del:1
MAGIC	MAGIC32	0.56	1.5666	0.672	0.13	0.542	HR_deficient	cannot_be_determined	0.8534648140522889	0.3807408352306923	0.1296666572051507	9	19	34	62	1	1	970	0	0	309	exclude	NA	NA	NA	c.*1997T>G(TP53)	HRD	A_DEL06615919_DEL_4711_PALB2_PALB2	exclude	NA	Gain:4	Het:2	cnLOH:2	Gain:3	HighGain:7	Het:2	Gain:3	NA:NA	HighGain:7	HighGain:6	cnLOH:2
MAGIC	MAGIC123	0.66	0.6333	0.016	0.008	0.008	HR_proficient	none	0.00998498505407615	0.1168362004044594	0	1	2	0	3	0	0	822	0	0	138	negative_brca1/2	NA	NA	NA	NA	HRP	NA	negative_brca1/2	NA	Het:2	Het:2	Het:2	Het:2	Het:2	Het:2	Gain:3	NA:NA	Het:2	Het:2	Het:2
MAGIC	MAGIC38	0.51	0.6	0	0	0	HR_proficient	none	0.00264883996953805	0.16583808958865498	0	4	4	4	12	1	0	964	0	0	304	exclude	NA	NA	c.716T>A[20:24|24:10](BARD1)	NA	HRP	NA	exclude	NA	Het:2	Het:2	Het:2	Het:2	Het:2	Het:2	Het:2	NA:NA	Het:2	Het:2	Het:2
MAGIC	MAGIC76	0.65	0.7	0	0	0	HR_proficient	none	0.00392874826626479	0.24408348750217104	0	17	20	18	55	0	0	1007	0	0	148	negative_brca1/2	NA	NA	NA	NA	HRP	NA	negative_brca1/2	NA	Del:1	Del:1	Het:2	Het:2	Het:2	Het:2	Het:2	NA:NA	Het:2	Del:1	Del:1
MAGIC	MAGIC37	0.41	0.9333	0.816	0.086	0.73	HR_deficient	cannot_be_determined	0.5993218457015175	0.3809405580480187	0.16174454271876915	11	20	17	48	1	1	818	0	1	306	exclude	NA	c.*6240A>G(BRCA2)	c.2968G>T[18:18|13:7](PALB2)	c.-430A>G(TP53)	Inconsistent	NA	exclude	NA	Het:2	Het:2	Het:2	Het:2	Het:2	Het:2	Het:2	NA:NA	Het:2	Het:2	Het:2
MAGIC	MAGIC80	0.83	0.5	0	0	0	HR_proficient	none	2.903833506431226e-5	0	0.10869468469512744	1	2	0	3	0	0	829	0	0	253	negative_brca1/2	NA	NA	NA	NA	HRP	NA	negative_brca1/2	NA	Het:2	Het:2	Het:2	Het:2	Het:2	Het:2	Gain:3	NA:NA	Het:2	Het:2	Het:2
MAGIC	MAGIC108	0.72	0.8666	0	0	0	HR_proficient	none	0.00158641120193411	0.19155381425608173	0	4	6	4	14	0	0	995	0	0	237	negative_brca1/2	NA	NA	NA	NA	HRP	NA	negative_brca1/2	NA	Het:2	Het:2	Het:2	Del:1	Gain:4	Het:2	Het:2	NA:NA	Gain:4	Gain:3	Del:1
MAGIC	MAGIC7	0.55	0.4	0	0	0	HR_proficient	none	1.5538562560050298e-4	0.23523421031267897	0	0	0	0	0	0	0	898	0	0	155	negative_brca1/2	NA	NA	NA	NA	HRP	NA	negative_brca1/2	NA	Het:2	Het:2	Het:2	Het:2	Het:2	Het:2	Het:2	NA:NA	Het:2	Het:2	Het:2
MAGIC	MAGIC122	0.77	1.3333	0.8220000000000001	0.136	0.686	HR_deficient	BRCA2_type	0.9719674206094158	0.28749550469874674	0.2829555616049592	15	12	23	50	0	0	767	0	1	294	additional_brca1	NA	c.-2865_-2859delAACAAAG(BRCA1)	NA	NA	HRD	NA	additional_brca1	NA	Gain:3	Del:1	Del:1	Het:2	Gain:4	Del:1	Het:2	NA:NA	Gain:4	Gain:3	Del:1
MAGIC	MAGIC124	0.32	0.9666	0	0	0	HR_proficient	none	3.039050974368532e-4	0	0.10663149280438616	7	19	11	37	0	0	841	0	0	261	negative_brca1/2	NA	NA	NA	NA	HRP	NA	negative_brca1/2	NA	Gain:3	HighGain:8	Gain:3	Gain:3	HighGain:18	Gain:3	Gain:3	NA:NA	HighGain:32	Gain:5	Gain:3
MAGIC	MAGIC125	0.67	2.8	0	0	0	HR_proficient	none	2.1893926575145833e-4	0	0	7	13	12	32	0	1	676	0	0	304	exclude	NA	NA	NA	c.*5390C>G(RAD51C)	HRP	NA	exclude	BARD1.c.926C>T.Missense_Mutation	Del:1	Het:2	Del:1	Het:2	Del:1	Het:2	Het:2	NA:NA	Del:1	Gain:3	Del:1
MAGIC	MAGIC31	0.63	0.9	0	0	0	HR_proficient	none	0.00132441433983968	0.1526028392106902	0	5	5	6	16	0	0	982	0	0	131	negative_brca1/2	NA	NA	NA	NA	HRP	NA	negative_brca1/2	NA	Het:2	Del:1	Del:1	Het:2	Het:2	Het:2	Gain:3	NA:NA	Het:2	Het:2	Het:2
MAGIC	MAGIC100	0.64	1.6333	0	0	0	HR_proficient	none	0.00345109507210314	0.1469994593280087	0	14	18	12	44	0	0	928	0	0	111	negative_brca1/2	NA	NA	NA	NA	HRP	NA	negative_brca1/2	NA	Het:2	Del:1	Het:2	Het:2	Het:2	Del:1	Gain:3	NA:NA	Het:2	Het:2	Del:1
MAGIC	MAGIC58	0.55	0.6333	0	0	0	HR_proficient	none	7.945975544866252e-4	0.18342073053158775	0	3	5	1	9	0	1	952	0	0	131	exclude	NA	NA	NA	c.*1445A>G(RAD51C)	HRP	NA	exclude	NA	Het:2	Het:2	Del:1	Het:2	Het:2	Het:2	Gain:5	NA:NA	Het:2	Het:2	Het:2
MAGIC	MAGIC72	0.69	0.9666	0	0	0	HR_proficient	none	0.00397959187375398	0.1453160258309866	0	9	12	9	30	0	0	872	0	0	315	negative_brca1/2	NA	NA	NA	NA	HRP	NA	negative_brca1/2	NA	Gain:3	Gain:4	Het:2	Del:1	Gain:3	Del:1	Gain:4	NA:NA	Gain:3	Gain:3	Del:1
MAGIC	MAGIC54	0.6	2.4	0	0	0	HR_proficient	none	0.02031723339870783	0.14341555052720867	0.104680149574304	13	19	18	50	0	0	1003	0	0	108	negative_brca1/2	NA	NA	NA	NA	HRP	NA	negative_brca1/2	NA	cnLOH:2	Gain:3	Het:2	Gain:3	Gain:3	Gain:3	Gain:4	NA:NA	Gain:3	cnLOH:2	cnLOH:2
MAGIC	MAGIC3	0.43	0.5	0	0	0	HR_proficient	none	5.085823752706553e-4	0.2682095461423855	0	6	5	5	16	0	0	879	0	0	139	negative_brca1/2	NA	NA	NA	NA	HRP	NA	negative_brca1/2	NA	Del:1	Het:2	Het:2	Het:2	Del:1	Del:1	Het:2	NA:NA	Del:1	Del:1	Del:1
MAGIC	MAGIC116	0.75	0.6333	0	0	0	HR_proficient	none	0.00136541936508982	0.1593142930627574	0	9	8	3	20	0	1	815	0	0	318	exclude	NA	NA	NA	c.*1034T>C(CHEK2)	HRP	NA	exclude	NA	Gain:3	Del:1	Del:1	Het:2	Gain:3	Het:2	Gain:4	NA:NA	Gain:3	Gain:3	Del:1
MAGIC	MAGIC92	0.26	0.5333	0	0	0	HR_proficient	none	0.00140433047231907	0.24623963226121465	0	2	7	0	9	0	0	946	0	0	133	negative_brca1/2	NA	NA	NA	NA	HRP	NA	negative_brca1/2	NA	Het:2	Het:2	Het:2	Het:2	Het:2	Het:2	Het:2	NA:NA	Het:2	Het:2	Het:2
Q-IMPROvE	GQ23P000004	0.39	3.5333	0.954	0.908	0.046	HR_deficient	BRCA1_type	0.9999920405868418	0.5498445093985983	0	20	30	31	81	0	0	1008	0	0	52	negative_brca1/2	NA	NA	NA	NA	HRD	NA	negative_brca1/2	NA	cnLOH:2	Het:2	Gain:4	cnLOH:2	Gain:4	Gain:3	Gain:3	NA:NA	Gain:4	HighGain:8	cnLOH:2
Q-IMPROvE	GQ22P000031	0.34	0.5	0	0	0	HR_proficient	none	0.0246783650134739	0.15205452841261363	0	7	9	6	22	0	2	806	0	0	292	exclude	NA	NA	NA	c.-4162C>T(BARD1);c.-5838G>A(PTEN)	HRP	NA	exclude	NA	Del:1	Het:2	Het:2	Het:2	Del:1	Het:2	Het:2	NA:NA	Del:1	Del:1	Del:1
Q-IMPROvE	GQ21P000032	0.31	2.2666	0.886	0.774	0.112	HR_deficient	BRCA1_type	0.999220378217048	0.3049337045587929	0.3090520143468985	12	22	12	46	0	2	861	0	0	309	exclude	NA	NA	NA	c.-2667G>C(TP53);c.-2228T>C(RAD51C)	HRD	NA	exclude	NA	Gain:4	Gain:4	cnLOH:2	Gain:4	HighGain:8	cnLOH:2	Gain:4	NA:NA	HighGain:6	Gain:4	cnLOH:2
Q-IMPROvE	GQ21P000023	0.51	0.5333	0.006	0	0.006	HR_proficient	none	1.8063027359139936e-4	0	0	4	4	3	11	1	0	966	0	0	249	exclude	NA	NA	c.2379C>T[20:12|54:35](PALB2)	NA	HRP	NA	exclude	NA	Het:2	Het:2	Het:2	Het:2	Het:2	Del:1	Gain:3	NA:NA	Het:2	Het:2	Het:2
Q-IMPROvE	GQ21P000039	0.57	2.0333	0	0	0	HR_proficient	none	0.00183305467575067	0	0	10	12	5	27	0	0	916	0	0	320	negative_brca1/2	NA	NA	NA	NA	HRP	NA	negative_brca1/2	NA	Het:2	Gain:3	Del:1	Del:1	Gain:3	Het:2	Gain:3	NA:NA	Gain:3	Het:2	Del:1
Q-IMPROvE	GQ23P000007	0.53	1.5	0	0	0	HR_proficient	none	0.02579713975975072	0.1045801379361877	0	12	8	10	30	0	2	911	0	0	309	exclude	NA	NA	NA	c.-4002T>C(BARD1);c.*3420_*3421delTT(RAD51C)	HRP	NA	exclude	NA	Del:1	Del:1	Del:1	Het:2	Gain:4	Het:2	Gain:3	NA:NA	Gain:4	Del:1	Del:1
Q-IMPROvE	GQ23P000002	0.42	1.3333	0	0	0	HR_proficient	none	9.51328678835581e-4	0	0.09064368421449316	15	17	6	38	0	1	968	0	0	124	exclude	NA	NA	NA	c.*3904A>C(ATM)	HRP	NA	exclude	NA	Del:1	Het:2	Het:2	Het:2	Gain:3	Del:1	Het:2	NA:NA	Gain:3	Del:1	Del:1
Q-IMPROvE	GQ22P000032	0.43	6.2	0	0	0	HR_proficient	none	0.04342994443318438	0	0	23	21	6	50	0	0	900	0	0	305	negative_brca1/2	NA	NA	NA	NA	HRP	NA	negative_brca1/2	BRCA2.c.2187_2191delAAAAG.Frame_Shift_DEL;CHEK2.null.RNA	cnLOH:2	cnLOH:2	Gain:3	Gain:3	cnLOH:2	Gain:3	Gain:4	NA:NA	cnLOH:2	cnLOH:2	cnLOH:2
Q-IMPROvE	GQ22P000035	0.86	0.9333	0	0	0	HR_proficient	none	0.00450321174622645	0.1728729372701873	0	1	2	2	5	0	0	994	0	0	289	negative_brca1/2	NA	NA	NA	NA	HRP	NA	negative_brca1/2	NA	Het:2	Het:2	Het:2	Het:2	Het:2	Het:2	Het:2	NA:NA	Het:2	Het:2	Het:2
Q-IMPROvE	GQ21P000029	0.31	1.4666	0.804	0.324	0.48	HR_deficient	cannot_be_determined	0.9976807939615434	0.3009562726136278	0	17	21	25	63	0	0	931	0	0	158	negative_brca1/2	NA	NA	NA	NA	HRD	NA	negative_brca1/2	NA	Het:2	Del:1	Het:2	Het:2	Het:2	Del:1	Het:2	NA:NA	Het:2	Het:2	Del:1
Q-IMPROvE	GQ21P000027	0.66	0.3666	0	0	0	HR_proficient	none	6.46114207616253e-4	0	0.1439839996602827	7	11	2	20	0	1	865	0	0	302	exclude	NA	NA	NA	c.-3558G>A(TP53)	HRP	NA	exclude	NA	Het:2	Het:2	Del:1	Het:2	Gain:4	Del:1	Het:2	NA:NA	Gain:4	Het:2	Del:1
Q-IMPROvE	GQ21P000022	0.33	1.2666	0	0	0	HR_proficient	none	0.06441239730160264	0.10637963226752054	0.14504666581047942	9	19	12	40	0	0	936	0	0	121	negative_brca1/2	NA	NA	NA	NA	HRP	NA	negative_brca1/2	NA	Gain:4	Gain:3	cnLOH:2	Gain:4	Gain:4	Gain:3	Gain:5	NA:NA	Gain:4	Gain:4	HighGain:6
Q-IMPROvE	GQ21P000001	0.22	0.7666	0	0	0	HR_proficient	none	0.00198765763678366	0.138721438547078	0.10066809247339686	5	7	5	17	0	0	851	0	0	292	negative_brca1/2	NA	NA	NA	NA	HRP	NA	negative_brca1/2	NA	Del:1	Het:2	Het:2	Het:2	HighGain:6	Het:2	Het:2	NA:NA	Del:1	Del:1	Het:2
Q-IMPROvE	GQ22P000036	0.3	1.3333	0.928	0.91	0.018	HR_deficient	BRCA1_type	0.9955546839281822	0.41883124726130977	0	16	23	30	69	0	0	925	1	0	138	positive_brca1	c.131G>T[27:23|30:33](BRCA1)	NA	NA	NA	HRD	NA	positive_brca1	NA	cnLOH:2	Het:2	Het:2	cnLOH:2	cnLOH:2	Gain:3	Gain:3	NA:NA	cnLOH:2	cnLOH:2	cnLOH:2
Q-IMPROvE	GQ20P000002	0.72	1.5666	0	0	0	HR_proficient	none	0.0496668580820522	0.15143107992657073	0	18	16	11	45	0	1	989	0	0	137	exclude	NA	NA	NA	c.*2853T>A(BRIP1)	HRP	NA	exclude	NA	Gain:4	Gain:3	cnLOH:2	Gain:3	Gain:4	cnLOH:2	Gain:5	NA:NA	Gain:4	Gain:4	cnLOH:2
Q-IMPROvE	GQ23P000003	0.59	1.9666	0.3	0.122	0.178	HR_proficient	none	0.8671399754399647	0.1924367006068282	0.17371192646642608	16	25	17	58	0	1	948	0	0	308	exclude	NA	NA	NA	c.-4375_-4374delAG(PALB2)	Inconsistent	NA	exclude	NA	cnLOH:2	cnLOH:2	cnLOH:2	Gain:4	HighGain:12	cnLOH:2	Gain:4	NA:NA	Gain:5	HighGain:14	cnLOH:2
Q-IMPROvE	GQ20P000001	0.27	0.4	0	0	0	HR_proficient	none	0.00372652358170988	0.25076046218984394	0	8	18	17	43	0	0	835	0	0	145	negative_brca1/2	NA	NA	NA	NA	HRP	NA	negative_brca1/2	NA	cnLOH:2	Gain:4	Gain:4	cnLOH:2	cnLOH:2	cnLOH:2	Gain:4	NA:NA	cnLOH:2	Gain:4	cnLOH:2
Q-IMPROvE	GQ21P000024	0.75	1.9	0	0	0	HR_proficient	none	8.11503574486662e-4	0	0	7	21	6	34	0	0	1056	0	0	297	negative_brca1/2	NA	NA	NA	NA	HRP	NA	negative_brca1/2	NA	Gain:4	Gain:4	cnLOH:2	cnLOH:2	HighGain:16	cnLOH:2	Gain:5	NA:NA	HighGain:15	Gain:5	cnLOH:2
Q-IMPROvE	GQ22P000034	0.38	4.2	0.896	0.166	0.73	HR_deficient	BRCA2_type	0.9998291998171986	0.3815383241451873	0.21064040902909684	29	26	23	78	0	1	1017	0	0	317	exclude	NA	NA	NA	c.-677G>A(BARD1)	HRD	NA	exclude	BRIP1.c.1999A>C.Missense_Mutation	Del:1	cnLOH:2	Del:1	Het:2	Del:1	Het:2	Het:2	NA:NA	Del:1	Del:1	Del:1
Q-IMPROvE	GQ20P000003	0.37	4.9	0.9	0.874	0.026	HR_deficient	BRCA1_type	0.9997954175565016	0.5189267534681621	0	23	32	36	91	1	0	823	1	0	297	exclude	c.4041_4042delAG[22:27|21:49](BRCA1)	NA	c.7135C>G[22:17|23:47](ATM)	NA	HRD	NA	exclude	NA	cnLOH:2	Del:1	cnLOH:2	cnLOH:2	Gain:3	Gain:3	Gain:3	NA:NA	Gain:3	cnLOH:2	Gain:3
Q-IMPROvE	GQ21P000025	1	3.2	0.05	0	0.05	HR_proficient	none	3.4720354096603994e-5	0	0	0	0	0	0	0	3	855	0	0	259	exclude	NA	NA	NA	c.*4164_*4165delAG(BARD1);c.*5278C>G(RAD51C);c.*6318G>A(RAD51C)	HRP	NA	exclude	NA	Het:2	Het:2	Het:2	Het:2	Het:2	Het:2	Het:2	NA:NA	Het:2	Het:2	Het:2
Q-IMPROvE	GQ21P000003	0.45	1.2666	0	0	0	HR_proficient	none	3.891198674183124e-4	0	0.11488668203968032	6	11	1	18	0	0	959	0	0	125	negative_brca1/2	NA	NA	NA	NA	HRP	NA	negative_brca1/2	NA	Del:1	Del:1	Del:1	Het:2	Del:1	Het:2	Het:2	NA:NA	Del:1	HighGain:7	Del:1
Q-IMPROvE	GQ21P000038	0.47	0.4666	0.002	0.002	0	HR_proficient	none	3.0075619991082504e-4	0	0	1	2	0	3	0	0	990	0	0	312	negative_brca1/2	NA	NA	NA	NA	HRP	NA	negative_brca1/2	NA	Het:2	Het:2	Het:2	Het:2	Het:2	Het:2	Het:2	NA:NA	Het:2	Het:2	Het:2
Q-IMPROvE	GQ21P000009	0.36	1.5333	0.002	0	0.002	HR_proficient	none	0.04064625307309365	0.211045802323235	0.1705620412867454	5	11	6	22	0	1	832	0	0	310	exclude	NA	NA	NA	c.*5386T>G(TP53)	HRP	NA	exclude	NA	Gain:3	cnLOH:2	cnLOH:2	Gain:3	Gain:3	Gain:3	Gain:4	NA:NA	HighGain:7	Gain:3	Gain:3
Q-IMPROvE	GQ21P000031	0.26	3.5	0.95	0.81	0.14	HR_deficient	BRCA1_type	0.9999715590706256	0.530590188916121	0.19403443807203485	11	35	32	78	0	0	742	0	2	306	additional_brca1	NA	c.-1974C>A(BRCA1);c.-2830G>A(BRCA1)	NA	NA	HRD	NA	additional_brca1	NA	cnLOH:2	Gain:4	Gain:3	Het:2	Gain:4	Gain:5	Gain:3	NA:NA	Gain:4	Gain:5	HighGain:6
Q-IMPROvE	GQ21P000028	0.2	0.9666	0	0	0	HR_proficient	none	0.00441517650310179	0	0	2	20	11	33	0	3	894	0	0	86	exclude	NA	NA	NA	c.*7721G>A(PTEN);c.*10795C>T(PTEN);c.*143G>C(CHEK2)	HRP	NA	exclude	NA	cnLOH:2	Gain:3	Gain:3	cnLOH:2	Gain:3	Het:2	Gain:4	NA:NA	Gain:3	cnLOH:2	cnLOH:2
Q-IMPROvE	GQ21P000020	1	0.4	0.132	0.044	0.088	HR_proficient	none	0.01463006857540433	0.1456080770421025	0	0	10	17	27	0	1	904	0	0	316	exclude	NA	NA	NA	c.*2076A>C(TP53)	HRP	NA	exclude	NA	Het:2	Het:2	Het:2	Het:2	Gain:3	Gain:3	Gain:3	NA:NA	Gain:3	Het:2	Het:2
Q-IMPROvE	GQ21P000005	0.32	1.5666	0	0	0	HR_proficient	none	2.2099835351913015e-4	0	0.11423567672294777	5	12	6	23	0	0	899	0	0	288	negative_brca1/2	NA	NA	NA	NA	HRP	NA	negative_brca1/2	NA	cnLOH:2	Gain:4	Gain:3	Gain:3	HighGain:13	Gain:4	Gain:4	NA:NA	HighGain:12	cnLOH:2	cnLOH:2
Q-IMPROvE	GQ21P000006	0.27	1.9333	0.938	0.922	0.016	HR_deficient	BRCA1_type	0.9950128591898458	0.44998806877090775	0	14	22	21	57	0	0	930	1	0	116	positive_brca1	c.4065_4068delTCAA[28:25|32:61](BRCA1)	NA	NA	NA	HRD	NA	positive_brca1	NA	cnLOH:2	Het:2	Het:2	Het:2	Gain:3	Del:1	Het:2	NA:NA	Gain:3	cnLOH:2	Del:1
Q-IMPROvE	GQ23P000005	0.48	1.2666	0	0	0	HR_proficient	none	0.06079470460234575	0.14454328351735568	0	10	12	6	28	0	0	1016	0	0	262	negative_brca1/2	NA	NA	NA	NA	HRP	NA	negative_brca1/2	NA	cnLOH:2	Gain:3	Gain:3	Gain:3	HighGain:17	cnLOH:2	Gain:4	NA:NA	HighGain:9	cnLOH:2	cnLOH:2
Q-IMPROvE	GQ21P000026	0.52	1.6666	0.002	0	0.002	HR_proficient	none	2.5734983358673825e-5	0	0	2	3	4	9	0	1	961	0	0	292	exclude	NA	NA	NA	c.-3793C>A(BARD1)	HRP	NA	exclude	NA	Del:1	Del:1	Het:2	Het:2	Del:1	Het:2	Het:2	NA:NA	Del:1	Del:1	Del:1
Q-IMPROvE	GQ21P000036	0.21	2.6333	0	0	0	HR_proficient	none	0.00900748083584312	0	0	7	19	15	41	0	0	1017	0	0	313	negative_brca1/2	NA	NA	NA	NA	HRP	NA	negative_brca1/2	NA	cnLOH:2	Gain:4	Gain:3	Gain:3	HighGain:7	Gain:4	Gain:3	NA:NA	HighGain:11	cnLOH:2	Gain:3
Q-IMPROvE	GQ22P000030	0.48	5.8	0	0	0	HR_proficient	none	0.01137801993708314	0.12860408011242103	0	13	20	10	43	0	0	1004	0	0	113	negative_brca1/2	NA	NA	NA	NA	HRP	NA	negative_brca1/2	NA	Gain:3	cnLOH:2	Gain:4	Gain:3	Gain:5	Het:2	Gain:3	NA:NA	Gain:5	Gain:3	cnLOH:2
Q-IMPROvE	GQ22P000033	0.5	2.2	0.018	0.012	0.006	HR_proficient	none	0.2150443207182183	0.1757896789360066	0.0922024725829574	12	27	23	62	0	0	1110	0	0	172	negative_brca1/2	NA	NA	NA	NA	HRP	NA	negative_brca1/2	NA	cnLOH:2	Gain:3	Gain:4	Gain:3	cnLOH:2	Gain:3	Gain:3	NA:NA	cnLOH:2	cnLOH:2	cnLOH:2
Q-IMPROvE	GQ21P000004	0.55	5.7	0.982	0.92	0.062	HR_deficient	BRCA1_type	0.9999901346742084	0.5101128210574857	0.24616834020250103	32	32	28	92	0	1	896	0	0	143	exclude	NA	NA	NA	c.*11201G>A(PTEN)	HRD	NA	exclude	BRCA1.c.1774delA.Frame_Shift_DEL	Gain:3	HighGain:6	cnLOH:2	Gain:3	HighGain:8	Gain:4	Gain:3	NA:NA	HighGain:6	Gain:3	cnLOH:2
Q-IMPROvE	GQ21P000021	0.42	2.2666	0	0	0	HR_proficient	none	0.00119287259993446	0	0	7	20	12	39	0	0	961	0	0	135	negative_brca1/2	NA	NA	NA	NA	HRP	NA	negative_brca1/2	NA	cnLOH:2	Gain:4	Del:1	Gain:3	Gain:4	Het:2	Gain:4	NA:NA	Gain:4	cnLOH:2	cnLOH:2
Q-IMPROvE	GQ21P000007	0.65	2.9333	0.95	0.924	0.026	HR_deficient	BRCA1_type	0.9999915699219784	0.4960005446134053	0.2149282448271618	23	32	39	94	0	2	1083	0	0	124	exclude	NA	NA	NA	c.-1148A>T(RAD51D);c.-103T>G(CHEK2)	HRD	NA	exclude	NA	Del:1	Del:1	Del:1	Del:1	cnLOH:2	Het:2	Gain:3	NA:NA	cnLOH:2	Del:1	Del:1
Q-IMPROvE	GQ21P000037	0.39	2	0.01	0.004	0.006	HR_proficient	none	0.15780355885127986	0.1857817555406187	0.1396567340696062	15	31	16	62	0	0	988	0	1	85	additional_brca1	NA	c.-1863T>C(BRCA1)	NA	NA	HRP	NA	additional_brca1	NA	cnLOH:2	Gain:3	Gain:3	cnLOH:2	HighGain:11	cnLOH:2	cnLOH:2	NA:NA	cnLOH:2	Gain:3	cnLOH:2
Q-IMPROvE	GQ23P000006	0.25	2.0666	0.876	0.818	0.058	HR_deficient	BRCA1_type	0.998514219038397	0.5393524011818481	0.09990661945490116	21	25	28	74	0	1	994	0	0	334	exclude	NA	NA	NA	c.*7172G>A(BRIP1)	HRD	NA	exclude	NA	cnLOH:2	Del:1	Gain:4	Del:1	cnLOH:2	Gain:3	Het:2	NA:NA	cnLOH:2	cnLOH:2	Del:1
Q-IMPROvE	GQ21P000008	0.33	0.6666	0	0	0	HR_proficient	none	3.5479461838280977e-4	0	0	2	24	5	31	0	0	914	0	0	305	negative_brca1/2	NA	NA	NA	NA	HRP	NA	negative_brca1/2	NA	Gain:5	Gain:5	Gain:5	Gain:4	Gain:5	Gain:3	HighGain:6	NA:NA	Gain:5	Gain:5	cnLOH:2
Q-IMPROvE	GQ21P000002	0.34	1.3666	0.07200000000000001	0.04	0.032	HR_proficient	none	0.4998620327409993	0.2810509259290858	0	16	24	13	53	0	2	880	0	0	103	exclude	NA	NA	NA	c.*2789A>G(BRIP1);c.*1241A>G(PALB2)	HRP	NA	exclude	NA	cnLOH:2	cnLOH:2	cnLOH:2	Het:2	cnLOH:2	cnLOH:2	Het:2	NA:NA	cnLOH:2	cnLOH:2	cnLOH:2
